elapsed_s,elapsed_h,utc,adc_mv,uptime_s,gauge_mv,gauge_pct
0,0.0000,2026-08-18T01:34:48.523000Z,4096,12276,4108,200.6
30,0.0083,2026-08-18T01:35:18.523000Z,4086,12306,4108,200.6
60,0.0167,2026-08-18T01:35:48.524000Z,4091,12336,4107,198.7
90,0.0250,2026-08-18T01:36:18.524000Z,4086,12366,4108,196.6
120,0.0333,2026-08-18T01:36:48.525000Z,4081,12396,4103,194.7
150,0.0417,2026-08-18T01:37:18.525000Z,4086,12426,4103,192.8
180,0.0500,2026-08-18T01:37:48.525000Z,4086,12456,4106,191.0
210,0.0583,2026-08-18T01:38:18.525000Z,4086,12486,4100,189.2
240,0.0667,2026-08-18T01:38:48.526000Z,4086,12516,4098,187.5
270,0.0750,2026-08-18T01:39:18.526000Z,4086,12546,4102,185.6
300,0.0833,2026-08-18T01:39:48.526000Z,4081,12576,4103,183.8
330,0.0917,2026-08-18T01:40:18.526000Z,4081,12606,4101,182.2
360,0.1000,2026-08-18T01:40:48.526000Z,4076,12636,4101,180.5
390,0.1083,2026-08-18T01:41:18.527000Z,4076,12666,4098,178.9
420,0.1167,2026-08-18T01:41:48.526000Z,4076,12696,4100,177.2
450,0.1250,2026-08-18T01:42:18.527000Z,4081,12726,4098,175.6
480,0.1333,2026-08-18T01:42:48.527000Z,4076,12756,4097,174.2
510,0.1417,2026-08-18T01:43:18.527000Z,4076,12786,4097,172.6
540,0.1500,2026-08-18T01:43:48.528000Z,4076,12816,4092,171.0
570,0.1583,2026-08-18T01:44:18.527000Z,4081,12846,4096,169.6
600,0.1667,2026-08-18T01:44:48.528000Z,4076,12876,4096,168.0
630,0.1750,2026-08-18T01:45:18.528000Z,4076,12906,4096,166.6
660,0.1833,2026-08-18T01:45:48.529000Z,4071,12936,4088,165.3
690,0.1917,2026-08-18T01:46:18.529000Z,4071,12966,4095,163.9
721,0.2005,2026-08-18T01:46:50.449000Z,4071,12996,4090,161.2
750,0.2083,2026-08-18T01:47:18.529000Z,4076,13026,4090,161.2
780,0.2167,2026-08-18T01:47:48.529000Z,4071,13056,4095,159.8
810,0.2250,2026-08-18T01:48:18.529000Z,4067,13086,4087,158.5
840,0.2333,2026-08-18T01:48:48.529000Z,4067,13116,4090,157.3
871,0.2421,2026-08-18T01:49:20Z,4071,13147,4090,154.7
901,0.2504,2026-08-18T01:49:50Z,4067,13177,4083,153.6
931,0.2587,2026-08-18T01:50:20.001000Z,4067,13207,4088,152.3
961,0.2671,2026-08-18T01:50:50.002000Z,4067,13237,4088,151.1
991,0.2754,2026-08-18T01:51:20Z,4071,13267,4083,150.0
1021,0.2837,2026-08-18T01:51:50.001000Z,4071,13297,4082,148.9
1051,0.2921,2026-08-18T01:52:20.001000Z,4067,13327,4085,147.8
1081,0.3004,2026-08-18T01:52:50.001000Z,4067,13357,4083,146.7
1111,0.3087,2026-08-18T01:53:20.001000Z,4062,13387,4086,145.5
1141,0.3171,2026-08-18T01:53:50.002000Z,4067,13417,4085,144.6
1171,0.3254,2026-08-18T01:54:20.002000Z,4067,13447,4086,143.5
1201,0.3337,2026-08-18T01:54:50.002000Z,4062,13477,4085,142.5
1231,0.3421,2026-08-18T01:55:20.002000Z,4067,13507,4082,141.4
1261,0.3504,2026-08-18T01:55:50.003000Z,4067,13537,4082,140.5
1291,0.3587,2026-08-18T01:56:20.003000Z,4067,13567,4082,139.5
1321,0.3671,2026-08-18T01:56:50.003000Z,4067,13597,4076,138.6
1351,0.3754,2026-08-18T01:57:20.003000Z,4067,13627,4082,137.6
1381,0.3837,2026-08-18T01:57:50.003000Z,4067,13657,4081,136.7
1411,0.3921,2026-08-18T01:58:20.003000Z,4067,13687,4081,135.7
1441,0.4004,2026-08-18T01:58:50.025000Z,4057,13717,4081,134.9
1471,0.4088,2026-08-18T01:59:20.025000Z,4067,13747,4075,134.0
1501,0.4171,2026-08-18T01:59:50.025000Z,4062,13777,4080,133.2
1531,0.4254,2026-08-18T02:00:20.026000Z,4057,13807,4072,132.3
1561,0.4338,2026-08-18T02:00:50.026000Z,4057,13837,4077,131.5
1591,0.4421,2026-08-18T02:01:20.026000Z,4062,13867,4078,130.7
1621,0.4504,2026-08-18T02:01:50.026000Z,4057,13897,4071,129.9
1651,0.4588,2026-08-18T02:02:20.026000Z,4062,13927,4076,129.1
1681,0.4671,2026-08-18T02:02:50.026000Z,4057,13957,4070,128.3
1711,0.4754,2026-08-18T02:03:20.027000Z,4062,13987,4071,127.5
1741,0.4838,2026-08-18T02:03:50.027000Z,4062,14017,4063,126.7
1771,0.4921,2026-08-18T02:04:20.027000Z,4062,14047,4075,125.9
1801,0.5004,2026-08-18T02:04:50.027000Z,4052,14077,4072,125.3
1831,0.5088,2026-08-18T02:05:20.028000Z,4052,14107,4072,124.5
1861,0.5171,2026-08-18T02:05:50.027000Z,4057,14137,4072,123.9
1891,0.5254,2026-08-18T02:06:20.028000Z,4052,14167,4071,123.1
1921,0.5338,2026-08-18T02:06:50.028000Z,4057,14197,4068,122.4
1951,0.5421,2026-08-18T02:07:20.028000Z,4057,14227,4071,121.8
1981,0.5504,2026-08-18T02:07:50.028000Z,4057,14257,4065,121.2
2011,0.5588,2026-08-18T02:08:20.029000Z,4057,14287,4066,120.4
2041,0.5671,2026-08-18T02:08:50.028000Z,4057,14317,4062,119.8
2071,0.5754,2026-08-18T02:09:20.029000Z,4047,14347,4067,119.1
2101,0.5838,2026-08-18T02:09:50.029000Z,4057,14377,4068,118.5
2131,0.5921,2026-08-18T02:10:20.029000Z,4052,14407,4067,118.0
2161,0.6004,2026-08-18T02:10:50.030000Z,4057,14437,4068,117.4
2191,0.6088,2026-08-18T02:11:20.030000Z,4047,14467,4068,116.8
2221,0.6171,2026-08-18T02:11:50.030000Z,4052,14497,4067,116.1
2251,0.6254,2026-08-18T02:12:20.030000Z,4052,14527,4058,115.6
2281,0.6338,2026-08-18T02:12:50.031000Z,4052,14557,4061,115.0
2311,0.6421,2026-08-18T02:13:20.031000Z,4052,14587,4067,114.5
2341,0.6504,2026-08-18T02:13:50.031000Z,4052,14617,4060,113.9
2371,0.6588,2026-08-18T02:14:20.031000Z,4052,14647,4065,113.4
2401,0.6671,2026-08-18T02:14:50.031000Z,4047,14677,4062,113.0
2431,0.6754,2026-08-18T02:15:20.032000Z,4052,14707,4063,112.3
2461,0.6838,2026-08-18T02:15:50.032000Z,4042,14737,4063,111.8
2491,0.6921,2026-08-18T02:16:20.032000Z,4047,14767,4062,111.4
2521,0.7004,2026-08-18T02:16:50.032000Z,4042,14797,4062,110.9
2551,0.7088,2026-08-18T02:17:20.033000Z,4047,14827,4062,110.4
2581,0.7171,2026-08-18T02:17:50.033000Z,4042,14857,4058,110.0
2611,0.7254,2026-08-18T02:18:20.033000Z,4047,14887,4061,109.5
2641,0.7338,2026-08-18T02:18:50.033000Z,4042,14917,4061,109.0
2671,0.7421,2026-08-18T02:19:20.033000Z,4047,14947,4055,108.5
2701,0.7504,2026-08-18T02:19:50.034000Z,4032,14977,4057,108.1
2731,0.7588,2026-08-18T02:20:20.034000Z,4047,15007,4058,107.6
2761,0.7671,2026-08-18T02:20:50.034000Z,4047,15037,4060,107.3
2791,0.7754,2026-08-18T02:21:20.034000Z,4042,15067,4060,106.8
2821,0.7838,2026-08-18T02:21:50.034000Z,4047,15097,4056,106.3
2851,0.7921,2026-08-18T02:22:20.034000Z,4042,15127,4056,106.0
2881,0.8004,2026-08-18T02:22:50.035000Z,4042,15157,4057,105.5
2911,0.8088,2026-08-18T02:23:20.034000Z,4042,15187,4053,105.2
2941,0.8171,2026-08-18T02:23:50.035000Z,4037,15217,4056,104.7
2971,0.8254,2026-08-18T02:24:20.036000Z,4042,15247,4055,104.4
3001,0.8338,2026-08-18T02:24:50.035000Z,4042,15277,4055,103.9
3031,0.8421,2026-08-18T02:25:20.036000Z,4042,15307,4055,103.6
3061,0.8504,2026-08-18T02:25:50.036000Z,4042,15337,4053,103.1
3091,0.8588,2026-08-18T02:26:20.036000Z,4032,15367,4048,102.8
3121,0.8671,2026-08-18T02:26:50.037000Z,4042,15397,4053,102.5
3151,0.8754,2026-08-18T02:27:20.037000Z,4037,15427,4046,102.2
3181,0.8838,2026-08-18T02:27:50.037000Z,4042,15457,4050,101.7
3211,0.8921,2026-08-18T02:28:20.037000Z,4037,15487,4048,101.4
3241,0.9004,2026-08-18T02:28:50.037000Z,4037,15517,4048,101.1
3271,0.9088,2026-08-18T02:29:20.037000Z,4037,15547,4051,100.8
3301,0.9171,2026-08-18T02:29:50.038000Z,4037,15577,4050,100.5
3331,0.9254,2026-08-18T02:30:20.038000Z,4037,15607,4051,100.1
3361,0.9338,2026-08-18T02:30:50.038000Z,4037,15637,4051,99.8
3391,0.9421,2026-08-18T02:31:20.038000Z,4027,15667,4048,99.5
3421,0.9504,2026-08-18T02:31:50.039000Z,4037,15697,4048,99.2
3451,0.9588,2026-08-18T02:32:20.039000Z,4032,15727,4045,98.9
3481,0.9671,2026-08-18T02:32:50.039000Z,4032,15757,4042,98.6
3511,0.9754,2026-08-18T02:33:20.039000Z,4032,15787,4050,98.2
3541,0.9838,2026-08-18T02:33:50.039000Z,4032,15817,4047,97.9
3571,0.9921,2026-08-18T02:34:20.039000Z,4032,15847,4046,97.8
3601,1.0004,2026-08-18T02:34:50.040000Z,4027,15877,4046,97.5
3631,1.0088,2026-08-18T02:35:20.040000Z,4027,15907,4046,97.1
3661,1.0171,2026-08-18T02:35:50.040000Z,4032,15937,4043,96.8
3691,1.0254,2026-08-18T02:36:20.040000Z,4032,15967,4038,96.5
3721,1.0338,2026-08-18T02:36:50.040000Z,4032,15997,4043,96.3
3751,1.0421,2026-08-18T02:37:20.041000Z,4032,16027,4043,96.0
3781,1.0504,2026-08-18T02:37:50.069000Z,4022,16057,4038,95.7
3811,1.0588,2026-08-18T02:38:20.069000Z,4018,16087,4036,95.6
3841,1.0671,2026-08-18T02:38:50.069000Z,4027,16117,4040,95.2
3871,1.0754,2026-08-18T02:39:20.070000Z,4022,16147,4043,94.9
3901,1.0838,2026-08-18T02:39:50.069000Z,4018,16177,4042,94.8
3931,1.0921,2026-08-18T02:40:20.133000Z,4018,16207,4040,94.4
3961,1.1005,2026-08-18T02:40:50.186000Z,4022,16237,4035,94.3
3991,1.1088,2026-08-18T02:41:20.186000Z,4018,16267,4035,94.0
4021,1.1171,2026-08-18T02:41:50.187000Z,4032,16297,4033,93.8
4051,1.1255,2026-08-18T02:42:20.187000Z,4032,16327,4030,93.5
4081,1.1338,2026-08-18T02:42:50.187000Z,4027,16357,4031,93.3
4111,1.1421,2026-08-18T02:43:20.187000Z,4027,16387,4037,93.0
4141,1.1505,2026-08-18T02:43:50.187000Z,4027,16417,4037,92.9
4171,1.1588,2026-08-18T02:44:20.188000Z,4027,16447,4037,92.7
4201,1.1671,2026-08-18T02:44:50.188000Z,4027,16477,4037,92.4
4231,1.1755,2026-08-18T02:45:20.188000Z,4027,16507,4035,92.2
4261,1.1838,2026-08-18T02:45:50.188000Z,4027,16537,4036,92.1
4291,1.1921,2026-08-18T02:46:20.189000Z,4018,16567,4033,91.8
4321,1.2005,2026-08-18T02:46:50.189000Z,4022,16597,4036,91.6
4351,1.2088,2026-08-18T02:47:20.189000Z,4018,16627,4036,91.4
4381,1.2171,2026-08-18T02:47:50.189000Z,4008,16657,4028,91.3
4411,1.2255,2026-08-18T02:48:20.189000Z,4018,16687,4033,91.0
4441,1.2338,2026-08-18T02:48:50.190000Z,4013,16717,4035,90.8
4471,1.2421,2026-08-18T02:49:20.190000Z,4013,16747,4031,90.6
4501,1.2505,2026-08-18T02:49:50.190000Z,4018,16777,4032,90.5
4531,1.2588,2026-08-18T02:50:20.190000Z,4013,16807,4032,90.3
4561,1.2671,2026-08-18T02:50:50.190000Z,4013,16837,4026,90.0
4591,1.2755,2026-08-18T02:51:20.191000Z,4013,16867,4031,89.9
4621,1.2838,2026-08-18T02:51:50.191000Z,4008,16897,4031,89.7
4651,1.2921,2026-08-18T02:52:20.191000Z,4008,16927,4025,89.5
4681,1.3005,2026-08-18T02:52:50.191000Z,4013,16957,4028,89.4
4711,1.3088,2026-08-18T02:53:20.191000Z,4008,16987,4030,89.2
4741,1.3171,2026-08-18T02:53:50.192000Z,4013,17017,4027,89.1
4771,1.3255,2026-08-18T02:54:20.192000Z,4013,17047,4028,88.9
4801,1.3338,2026-08-18T02:54:50.192000Z,4013,17077,4028,88.8
4831,1.3421,2026-08-18T02:55:20.192000Z,4013,17107,4022,88.5
4861,1.3505,2026-08-18T02:55:50.192000Z,4013,17137,4027,88.3
4891,1.3588,2026-08-18T02:56:20.193000Z,4013,17167,4027,88.2
4921,1.3671,2026-08-18T02:56:50.192000Z,4013,17197,4023,88.0
4951,1.3755,2026-08-18T02:57:20.193000Z,4013,17227,4020,87.9
4981,1.3838,2026-08-18T02:57:50.222000Z,4003,17257,4025,87.7
5011,1.3921,2026-08-18T02:58:20.222000Z,4008,17287,4025,87.6
5041,1.4005,2026-08-18T02:58:50.222000Z,4008,17317,4026,87.4
5071,1.4088,2026-08-18T02:59:20.223000Z,4008,17347,4023,87.3
5101,1.4171,2026-08-18T02:59:50.223000Z,4008,17377,4023,87.2
5131,1.4255,2026-08-18T03:00:20.223000Z,4003,17407,4022,87.0
5161,1.4338,2026-08-18T03:00:50.223000Z,4008,17437,4022,86.9
5191,1.4421,2026-08-18T03:01:20.223000Z,4008,17467,4022,86.7
5221,1.4505,2026-08-18T03:01:50.224000Z,4008,17497,4022,86.6
5251,1.4588,2026-08-18T03:02:20.224000Z,4008,17527,4023,86.4
5281,1.4671,2026-08-18T03:02:50.224000Z,4003,17557,4020,86.3
5311,1.4755,2026-08-18T03:03:20.224000Z,4008,17587,4021,86.2
5341,1.4838,2026-08-18T03:03:50.225000Z,3998,17617,4016,86.0
5371,1.4921,2026-08-18T03:04:20.225000Z,4003,17647,4015,85.9
5401,1.5005,2026-08-18T03:04:50.225000Z,3998,17677,4012,85.7
5431,1.5088,2026-08-18T03:05:20.225000Z,4003,17707,4017,85.6
5461,1.5171,2026-08-18T03:05:50.225000Z,4003,17737,4013,85.6
5491,1.5255,2026-08-18T03:06:20.226000Z,3998,17767,4012,85.4
5521,1.5338,2026-08-18T03:06:50.226000Z,4003,17797,4017,85.3
5551,1.5421,2026-08-18T03:07:20.226000Z,3998,17827,4011,85.1
5581,1.5505,2026-08-18T03:07:50.226000Z,3993,17857,4017,85.0
5611,1.5588,2026-08-18T03:08:20.226000Z,3998,17887,4011,84.9
5641,1.5671,2026-08-18T03:08:50.226000Z,4003,17917,4016,84.7
5671,1.5755,2026-08-18T03:09:20.226000Z,4003,17947,4010,84.7
5701,1.5838,2026-08-18T03:09:50.227000Z,3993,17977,4013,84.6
5731,1.5921,2026-08-18T03:10:20.227000Z,4003,18007,4015,84.4
5761,1.6005,2026-08-18T03:10:50.227000Z,4003,18037,4015,84.3
5791,1.6088,2026-08-18T03:11:20.228000Z,3998,18067,4015,84.3
5821,1.6171,2026-08-18T03:11:50.228000Z,3993,18097,4013,84.1
5851,1.6255,2026-08-18T03:12:20.228000Z,3998,18127,4011,84.0
5881,1.6338,2026-08-18T03:12:50.228000Z,3998,18157,4012,84.0
5911,1.6421,2026-08-18T03:13:20.228000Z,3998,18187,4010,83.8
5941,1.6505,2026-08-18T03:13:50.228000Z,3998,18217,4012,83.6
5971,1.6588,2026-08-18T03:14:20.229000Z,3993,18247,4010,83.6
6001,1.6671,2026-08-18T03:14:50.229000Z,3998,18277,4007,83.5
6031,1.6755,2026-08-18T03:15:20.229000Z,3993,18307,4010,83.3
6061,1.6838,2026-08-18T03:15:50.229000Z,3993,18337,4010,83.3
6091,1.6921,2026-08-18T03:16:20.229000Z,3993,18367,4007,83.1
6121,1.7005,2026-08-18T03:16:50.230000Z,3993,18397,4007,83.0
6151,1.7088,2026-08-18T03:17:20.230000Z,3988,18427,4010,83.0
6181,1.7171,2026-08-18T03:17:50.230000Z,3993,18457,4008,82.8
6211,1.7255,2026-08-18T03:18:20.230000Z,3973,18487,4008,82.8
6241,1.7338,2026-08-18T03:18:50.230000Z,3988,18517,4000,82.7
6271,1.7421,2026-08-18T03:19:20.231000Z,3988,18547,4006,82.5
6301,1.7505,2026-08-18T03:19:50.231000Z,3993,18577,4006,82.5
6331,1.7588,2026-08-18T03:20:20.231000Z,3988,18607,4007,82.3
6361,1.7671,2026-08-18T03:20:50.231000Z,3988,18637,4007,82.3
6391,1.7755,2026-08-18T03:21:20.231000Z,3988,18667,4007,82.2
6421,1.7838,2026-08-18T03:21:50.231000Z,3988,18697,3997,82.0
6451,1.7921,2026-08-18T03:22:20.232000Z,3988,18727,4005,82.0
6481,1.8005,2026-08-18T03:22:50.232000Z,3978,18757,4005,81.8
6511,1.8088,2026-08-18T03:23:20.232000Z,3988,18787,4003,81.8
6541,1.8171,2026-08-18T03:23:50.232000Z,3988,18817,4002,81.7
6571,1.8255,2026-08-18T03:24:20.233000Z,3988,18847,4002,81.7
6601,1.8338,2026-08-18T03:24:50.232000Z,3988,18877,4003,81.5
6631,1.8421,2026-08-18T03:25:20.233000Z,3988,18907,4003,81.3
6661,1.8505,2026-08-18T03:25:50.233000Z,3983,18937,4003,81.3
6691,1.8588,2026-08-18T03:26:20.233000Z,3983,18967,4002,81.3
6721,1.8671,2026-08-18T03:26:50.233000Z,3983,18997,4000,81.2
6751,1.8755,2026-08-18T03:27:20.234000Z,3983,19027,4000,81.0
6781,1.8838,2026-08-18T03:27:50.255000Z,3978,19057,4000,81.0
6811,1.8921,2026-08-18T03:28:20.255000Z,3983,19087,4000,80.9
6841,1.9005,2026-08-18T03:28:50.255000Z,3983,19117,4000,80.9
6871,1.9088,2026-08-18T03:29:20.255000Z,3978,19147,3991,80.7
6901,1.9171,2026-08-18T03:29:50.255000Z,3983,19177,4000,80.7
6931,1.9255,2026-08-18T03:30:20.256000Z,3983,19207,4000,80.5
6961,1.9338,2026-08-18T03:30:50.256000Z,3983,19237,3998,80.5
6991,1.9421,2026-08-18T03:31:20.256000Z,3983,19267,3997,80.4
7021,1.9505,2026-08-18T03:31:50.278000Z,3978,19297,3997,80.4
7051,1.9588,2026-08-18T03:32:20.279000Z,3983,19327,3996,80.2
7081,1.9672,2026-08-18T03:32:50.278000Z,3983,19357,3991,80.2
7111,1.9755,2026-08-18T03:33:20.279000Z,3969,19387,3991,80.0
7141,1.9838,2026-08-18T03:33:50.279000Z,3978,19417,3996,80.0
7171,1.9922,2026-08-18T03:34:20.280000Z,3978,19447,3995,79.9
7201,2.0005,2026-08-18T03:34:50.280000Z,3983,19477,3995,79.9
7231,2.0088,2026-08-18T03:35:20.280000Z,3978,19507,3993,79.7
7261,2.0172,2026-08-18T03:35:50.280000Z,3978,19537,3995,79.7
7291,2.0255,2026-08-18T03:36:20.280000Z,3978,19567,3995,79.6
7321,2.0338,2026-08-18T03:36:50.280000Z,3978,19597,3993,79.6
7351,2.0422,2026-08-18T03:37:20.281000Z,3978,19627,3993,79.6
7381,2.0505,2026-08-18T03:37:50.281000Z,3978,19657,3993,79.4
7411,2.0588,2026-08-18T03:38:20.280000Z,3973,19687,3992,79.4
7441,2.0672,2026-08-18T03:38:50.281000Z,3978,19717,3990,79.2
7471,2.0755,2026-08-18T03:39:20.281000Z,3978,19747,3990,79.2
7501,2.0838,2026-08-18T03:39:50.281000Z,3978,19777,3985,79.1
7531,2.0922,2026-08-18T03:40:20.282000Z,3973,19807,3987,79.1
7561,2.1005,2026-08-18T03:40:50.282000Z,3964,19837,3987,78.9
7591,2.1088,2026-08-18T03:41:20.282000Z,3973,19867,3990,78.9
7621,2.1172,2026-08-18T03:41:50.458000Z,3973,19898,3988,78.9
7651,2.1255,2026-08-18T03:42:20.458000Z,3973,19928,3988,78.7
7681,2.1339,2026-08-18T03:42:50.459000Z,3973,19958,3985,78.7
7711,2.1422,2026-08-18T03:43:20.458000Z,3973,19988,3987,78.6
7741,2.1505,2026-08-18T03:43:50.459000Z,3959,20018,3987,78.6
7771,2.1589,2026-08-18T03:44:20.459000Z,3969,20048,3987,78.4
7801,2.1672,2026-08-18T03:44:50.459000Z,3973,20078,3983,78.4
7831,2.1755,2026-08-18T03:45:20.460000Z,3973,20108,3983,78.3
7862,2.1840,2026-08-18T03:45:50.756000Z,3959,20138,3985,78.3
7892,2.1923,2026-08-18T03:46:20.756000Z,3973,20168,3980,78.3
7922,2.2006,2026-08-18T03:46:50.756000Z,3973,20198,3980,78.1
7952,2.2090,2026-08-18T03:47:20.756000Z,3969,20228,3981,78.1
7982,2.2173,2026-08-18T03:47:50.757000Z,3973,20258,3983,77.9
8012,2.2256,2026-08-18T03:48:20.757000Z,3969,20288,3983,77.9
8042,2.2340,2026-08-18T03:48:50.757000Z,3969,20318,3983,77.8
8072,2.2423,2026-08-18T03:49:20.757000Z,3969,20348,3982,77.8
8102,2.2506,2026-08-18T03:49:50.757000Z,3964,20378,3982,77.6
8132,2.2590,2026-08-18T03:50:20.757000Z,3959,20408,3982,77.6
8162,2.2673,2026-08-18T03:50:50.758000Z,3954,20438,3981,77.6
8192,2.2756,2026-08-18T03:51:20.757000Z,3954,20468,3981,77.4
8222,2.2840,2026-08-18T03:51:50.758000Z,3959,20498,3982,77.4
8252,2.2923,2026-08-18T03:52:20.758000Z,3959,20528,3980,77.4
8284,2.3013,2026-08-18T03:52:53.330000Z,3964,20560,3980,77.3
8314,2.3097,2026-08-18T03:53:23.330000Z,3959,20590,3980,77.3
8344,2.3180,2026-08-18T03:53:53.330000Z,3959,20620,3980,77.1
8374,2.3263,2026-08-18T03:54:23.331000Z,3959,20650,3980,77.1
8404,2.3347,2026-08-18T03:54:53.331000Z,3959,20680,3978,77.1
8434,2.3430,2026-08-18T03:55:23.331000Z,3959,20710,3978,76.9
8464,2.3513,2026-08-18T03:55:53.331000Z,3959,20740,3978,76.9
8494,2.3597,2026-08-18T03:56:23.332000Z,3959,20770,3977,76.8
8524,2.3680,2026-08-18T03:56:53.331000Z,3959,20800,3977,76.8
8554,2.3763,2026-08-18T03:57:23.332000Z,3959,20830,3977,76.8
8584,2.3847,2026-08-18T03:57:53.332000Z,3959,20860,3976,76.6
8614,2.3930,2026-08-18T03:58:23.332000Z,3954,20890,3975,76.6
8644,2.4013,2026-08-18T03:58:53.332000Z,3954,20920,3975,76.6
8674,2.4097,2026-08-18T03:59:23.333000Z,3954,20950,3975,76.5
8704,2.4180,2026-08-18T03:59:53.333000Z,3954,20980,3976,76.5
8734,2.4263,2026-08-18T04:00:23.333000Z,3949,21010,3976,76.5
8764,2.4347,2026-08-18T04:00:53.333000Z,3954,21040,3967,76.3
8794,2.4430,2026-08-18T04:01:23.333000Z,3954,21070,3973,76.3
8824,2.4513,2026-08-18T04:01:53.333000Z,3954,21100,3973,76.1
8854,2.4597,2026-08-18T04:02:23.334000Z,3954,21130,3973,76.1
8884,2.4680,2026-08-18T04:02:53.334000Z,3954,21160,3971,76.1
8914,2.4763,2026-08-18T04:03:23.334000Z,3949,21190,3971,76.0
8944,2.4847,2026-08-18T04:03:53.334000Z,3954,21220,3971,76.0
8974,2.4930,2026-08-18T04:04:23.334000Z,3954,21250,3972,76.0
9004,2.5013,2026-08-18T04:04:53.334000Z,3949,21280,3972,75.8
9034,2.5097,2026-08-18T04:05:23.335000Z,3954,21310,3971,75.8
9064,2.5180,2026-08-18T04:05:53.335000Z,3944,21340,3963,75.6
9094,2.5263,2026-08-18T04:06:23.335000Z,3949,21370,3963,75.6
9124,2.5347,2026-08-18T04:06:53.335000Z,3949,21400,3968,75.6
9154,2.5430,2026-08-18T04:07:23.335000Z,3949,21430,3968,75.5
9184,2.5513,2026-08-18T04:07:53.335000Z,3949,21460,3968,75.5
9214,2.5597,2026-08-18T04:08:23.335000Z,3949,21490,3968,75.3
9244,2.5680,2026-08-18T04:08:53.336000Z,3949,21520,3968,75.3
9274,2.5763,2026-08-18T04:09:23.336000Z,3949,21550,3968,75.3
9304,2.5847,2026-08-18T04:09:53.336000Z,3949,21580,3967,75.3
9334,2.5930,2026-08-18T04:10:23.336000Z,3944,21610,3967,75.2
9364,2.6013,2026-08-18T04:10:53.337000Z,3949,21640,3967,75.2
9394,2.6097,2026-08-18T04:11:23.337000Z,3949,21670,3967,75.2
9424,2.6180,2026-08-18T04:11:53.337000Z,3949,21700,3967,75.0
9454,2.6263,2026-08-18T04:12:23.337000Z,3949,21730,3967,75.0
9484,2.6347,2026-08-18T04:12:53.337000Z,3949,21760,3965,75.0
9514,2.6430,2026-08-18T04:13:23.337000Z,3944,21790,3965,74.8
9544,2.6513,2026-08-18T04:13:53.337000Z,3949,21820,3965,74.8
9574,2.6597,2026-08-18T04:14:23.338000Z,3944,21850,3963,74.8
9604,2.6680,2026-08-18T04:14:53.338000Z,3944,21880,3963,74.7
9634,2.6763,2026-08-18T04:15:23.347000Z,3944,21910,3963,74.7
9664,2.6847,2026-08-18T04:15:53.347000Z,3944,21940,3962,74.7
9694,2.6930,2026-08-18T04:16:23.348000Z,3944,21970,3961,74.5
9724,2.7013,2026-08-18T04:16:53.348000Z,3944,22000,3961,74.5
9754,2.7097,2026-08-18T04:17:23.348000Z,3944,22030,3961,74.3
9786,2.7185,2026-08-18T04:17:54.972000Z,3939,22062,3958,74.3
9816,2.7268,2026-08-18T04:18:24.972000Z,3944,22092,3958,74.3
9846,2.7351,2026-08-18T04:18:54.972000Z,3939,22122,3960,74.2
9876,2.7435,2026-08-18T04:19:24.972000Z,3944,22152,3960,74.2
9906,2.7518,2026-08-18T04:19:54.973000Z,3939,22182,3960,74.2
9936,2.7601,2026-08-18T04:20:24.973000Z,3934,22212,3960,74.0
9966,2.7685,2026-08-18T04:20:54.973000Z,3939,22242,3960,74.0
9996,2.7768,2026-08-18T04:21:24.973000Z,3939,22272,3960,74.0
10026,2.7851,2026-08-18T04:21:54.974000Z,3939,22302,3958,73.8
10056,2.7935,2026-08-18T04:22:24.973000Z,3939,22332,3957,73.8
10086,2.8018,2026-08-18T04:22:54.973000Z,3939,22362,3957,73.8
10116,2.8101,2026-08-18T04:23:24.974000Z,3939,22392,3956,73.7
10146,2.8185,2026-08-18T04:23:54.974000Z,3939,22422,3956,73.7
10176,2.8268,2026-08-18T04:24:24.974000Z,3939,22452,3956,73.7
10206,2.8351,2026-08-18T04:24:54.975000Z,3939,22482,3956,73.5
10236,2.8435,2026-08-18T04:25:24.975000Z,3939,22512,3955,73.5
10266,2.8518,2026-08-18T04:25:54.975000Z,3934,22542,3955,73.5
10296,2.8601,2026-08-18T04:26:24.975000Z,3934,22572,3955,73.3
10326,2.8685,2026-08-18T04:26:54.975000Z,3939,22602,3956,73.3
10356,2.8768,2026-08-18T04:27:24.975000Z,3934,22632,3956,73.3
10386,2.8851,2026-08-18T04:27:54.975000Z,3934,22662,3955,73.2
10416,2.8935,2026-08-18T04:28:24.975000Z,3929,22692,3953,73.2
10446,2.9018,2026-08-18T04:28:54.975000Z,3934,22722,3953,73.2
10476,2.9101,2026-08-18T04:29:24.976000Z,3929,22752,3953,73.2
10506,2.9185,2026-08-18T04:29:54.976000Z,3934,22782,3955,73.0
10536,2.9268,2026-08-18T04:30:24.977000Z,3934,22812,3955,73.0
10566,2.9351,2026-08-18T04:30:54.977000Z,3929,22842,3950,73.0
10596,2.9435,2026-08-18T04:31:24.977000Z,3929,22872,3952,72.9
10626,2.9518,2026-08-18T04:31:54.977000Z,3929,22902,3952,72.9
10656,2.9601,2026-08-18T04:32:24.977000Z,3929,22932,3951,72.9
10686,2.9685,2026-08-18T04:32:54.977000Z,3929,22962,3950,72.7
10716,2.9768,2026-08-18T04:33:24.977000Z,3929,22992,3950,72.7
10746,2.9851,2026-08-18T04:33:54.978000Z,3929,23022,3951,72.7
10776,2.9935,2026-08-18T04:34:24.977000Z,3929,23052,3950,72.5
10806,3.0018,2026-08-18T04:34:54.978000Z,3929,23082,3950,72.5
10836,3.0101,2026-08-18T04:35:24.978000Z,3929,23112,3948,72.5
10866,3.0185,2026-08-18T04:35:54.979000Z,3929,23142,3946,72.4
10896,3.0268,2026-08-18T04:36:24.979000Z,3929,23172,3946,72.4
10926,3.0351,2026-08-18T04:36:54.978000Z,3924,23202,3946,72.4
10956,3.0435,2026-08-18T04:37:24.979000Z,3929,23232,3947,72.2
10986,3.0518,2026-08-18T04:37:54.979000Z,3924,23262,3947,72.2
11016,3.0601,2026-08-18T04:38:24.979000Z,3924,23292,3947,72.2
11046,3.0685,2026-08-18T04:38:54.979000Z,3924,23322,3940,72.2
11076,3.0768,2026-08-18T04:39:24.980000Z,3924,23352,3940,72.0
11106,3.0851,2026-08-18T04:39:54.980000Z,3924,23382,3945,72.0
11136,3.0935,2026-08-18T04:40:24.980000Z,3924,23412,3945,71.9
11166,3.1018,2026-08-18T04:40:54.980000Z,3924,23442,3945,71.9
11196,3.1101,2026-08-18T04:41:24.980000Z,3924,23472,3945,71.9
11226,3.1185,2026-08-18T04:41:54.981000Z,3924,23502,3938,71.9
11256,3.1268,2026-08-18T04:42:24.981000Z,3924,23532,3938,71.7
11286,3.1351,2026-08-18T04:42:54.981000Z,3924,23562,3943,71.7
11316,3.1435,2026-08-18T04:43:24.980000Z,3924,23592,3943,71.7
11346,3.1518,2026-08-18T04:43:54.981000Z,3924,23622,3943,71.5
11376,3.1601,2026-08-18T04:44:24.981000Z,3924,23652,3942,71.5
11406,3.1685,2026-08-18T04:44:54.982000Z,3924,23682,3941,71.5
11436,3.1768,2026-08-18T04:45:24.982000Z,3920,23712,3941,71.4
11466,3.1851,2026-08-18T04:45:54.982000Z,3920,23742,3943,71.4
11496,3.1935,2026-08-18T04:46:24.982000Z,3924,23772,3941,71.4
11526,3.2018,2026-08-18T04:46:54.982000Z,3920,23802,3941,71.4
11556,3.2101,2026-08-18T04:47:24.982000Z,3920,23832,3941,71.2
11586,3.2185,2026-08-18T04:47:54.982000Z,3920,23862,3941,71.2
11616,3.2268,2026-08-18T04:48:24.983000Z,3920,23892,3941,71.2
11646,3.2351,2026-08-18T04:48:54.983000Z,3920,23922,3938,71.1
11676,3.2435,2026-08-18T04:49:24.983000Z,3920,23952,3938,71.1
11706,3.2518,2026-08-18T04:49:54.983000Z,3920,23982,3938,71.1
11736,3.2601,2026-08-18T04:50:24.983000Z,3920,24012,3938,70.9
11766,3.2685,2026-08-18T04:50:54.984000Z,3920,24042,3938,70.9
11796,3.2768,2026-08-18T04:51:24.983000Z,3920,24072,3938,70.9
11826,3.2851,2026-08-18T04:51:54.984000Z,3920,24102,3937,70.9
11856,3.2935,2026-08-18T04:52:24.984000Z,3905,24132,3931,70.7
11886,3.3018,2026-08-18T04:52:54.984000Z,3910,24162,3931,70.7
11916,3.3101,2026-08-18T04:53:24.984000Z,3910,24192,3936,70.7
11946,3.3185,2026-08-18T04:53:54.985000Z,3915,24222,3936,70.6
11976,3.3268,2026-08-18T04:54:24.985000Z,3910,24252,3936,70.6
12006,3.3351,2026-08-18T04:54:54.985000Z,3910,24282,3935,70.6
12036,3.3435,2026-08-18T04:55:24.985000Z,3915,24312,3933,70.4
12066,3.3518,2026-08-18T04:55:54.985000Z,3910,24342,3933,70.4
12096,3.3601,2026-08-18T04:56:24.986000Z,3910,24372,3932,70.4
12126,3.3685,2026-08-18T04:56:54.986000Z,3910,24402,3932,70.4
12156,3.3768,2026-08-18T04:57:24.986000Z,3905,24432,3932,70.2
12186,3.3851,2026-08-18T04:57:54.986000Z,3910,24462,3932,70.2
12216,3.3935,2026-08-18T04:58:24.986000Z,3910,24492,3933,70.2
12246,3.4018,2026-08-18T04:58:54.986000Z,3905,24522,3932,70.1
12276,3.4101,2026-08-18T04:59:24.987000Z,3905,24552,3932,70.1
12306,3.4185,2026-08-18T04:59:54.987000Z,3905,24582,3931,70.1
12336,3.4268,2026-08-18T05:00:24.987000Z,3905,24612,3926,70.1
12366,3.4351,2026-08-18T05:00:54.987000Z,3900,24642,3926,69.9
12396,3.4435,2026-08-18T05:01:24.986000Z,3905,24672,3930,69.9
12426,3.4518,2026-08-18T05:01:54.987000Z,3905,24702,3928,69.9
12456,3.4601,2026-08-18T05:02:24.988000Z,3905,24732,3928,69.7
12486,3.4685,2026-08-18T05:02:54.987000Z,3905,24762,3930,69.7
12516,3.4768,2026-08-18T05:03:24.988000Z,3905,24792,3928,69.7
12546,3.4851,2026-08-18T05:03:54.989000Z,3905,24822,3928,69.6
12576,3.4935,2026-08-18T05:04:24.988000Z,3905,24852,3927,69.6
12606,3.5018,2026-08-18T05:04:54.988000Z,3900,24882,3927,69.6
12636,3.5101,2026-08-18T05:05:24.988000Z,3905,24912,3927,69.6
12666,3.5185,2026-08-18T05:05:54.989000Z,3900,24942,3926,69.4
12696,3.5268,2026-08-18T05:06:24.989000Z,3895,24972,3921,69.4
12726,3.5351,2026-08-18T05:06:54.989000Z,3905,25002,3921,69.4
12756,3.5435,2026-08-18T05:07:24.989000Z,3905,25032,3925,69.2
12786,3.5518,2026-08-18T05:07:54.989000Z,3900,25062,3926,69.2
12816,3.5601,2026-08-18T05:08:24.989000Z,3900,25092,3926,69.2
12846,3.5685,2026-08-18T05:08:54.990000Z,3900,25122,3925,69.1
12876,3.5768,2026-08-18T05:09:24.990000Z,3900,25152,3923,69.1
12906,3.5851,2026-08-18T05:09:54.990000Z,3900,25182,3923,69.1
12936,3.5935,2026-08-18T05:10:24.990000Z,3900,25212,3923,68.9
12966,3.6018,2026-08-18T05:10:54.990000Z,3900,25242,3925,68.9
12996,3.6101,2026-08-18T05:11:24.990000Z,3900,25272,3925,68.9
13026,3.6185,2026-08-18T05:11:54.990000Z,3900,25302,3922,68.9
13056,3.6268,2026-08-18T05:12:24.991000Z,3900,25332,3920,68.8
13086,3.6351,2026-08-18T05:12:54.990000Z,3900,25362,3920,68.8
13116,3.6435,2026-08-18T05:13:24.991000Z,3900,25392,3920,68.8
13146,3.6518,2026-08-18T05:13:54.992000Z,3900,25422,3918,68.6
13176,3.6601,2026-08-18T05:14:24.991000Z,3890,25452,3918,68.6
13206,3.6685,2026-08-18T05:14:54.992000Z,3895,25482,3921,68.6
13236,3.6768,2026-08-18T05:15:24.992000Z,3895,25512,3920,68.4
13266,3.6851,2026-08-18T05:15:54.992000Z,3895,25542,3920,68.4
13296,3.6935,2026-08-18T05:16:24.992000Z,3895,25572,3917,68.4
13326,3.7018,2026-08-18T05:16:54.992000Z,3895,25602,3918,68.4
13356,3.7101,2026-08-18T05:17:24.992000Z,3895,25632,3918,68.3
13386,3.7185,2026-08-18T05:17:54.993000Z,3895,25662,3918,68.3
13416,3.7268,2026-08-18T05:18:24.993000Z,3895,25692,3917,68.3
13446,3.7351,2026-08-18T05:18:54.993000Z,3895,25722,3917,68.1
13476,3.7435,2026-08-18T05:19:24.993000Z,3895,25752,3917,68.1
13506,3.7518,2026-08-18T05:19:54.993000Z,3895,25782,3916,68.1
13536,3.7601,2026-08-18T05:20:24.993000Z,3895,25812,3916,68.0
13566,3.7685,2026-08-18T05:20:54.993000Z,3895,25842,3908,68.0
13596,3.7768,2026-08-18T05:21:24.993000Z,3895,25872,3916,68.0
13626,3.7851,2026-08-18T05:21:54.993000Z,3895,25902,3916,67.8
13656,3.7935,2026-08-18T05:22:24.994000Z,3895,25932,3916,67.8
13686,3.8018,2026-08-18T05:22:54.995000Z,3895,25962,3907,67.8
13716,3.8101,2026-08-18T05:23:24.994000Z,3895,25992,3907,67.7
13746,3.8185,2026-08-18T05:23:54.995000Z,3890,26022,3913,67.7
13776,3.8268,2026-08-18T05:24:24.995000Z,3890,26052,3915,67.7
13806,3.8351,2026-08-18T05:24:54.995000Z,3890,26082,3915,67.5
13836,3.8435,2026-08-18T05:25:24.995000Z,3890,26112,3913,67.5
13866,3.8518,2026-08-18T05:25:54.995000Z,3890,26142,3911,67.5
13896,3.8601,2026-08-18T05:26:24.996000Z,3890,26172,3911,67.4
13926,3.8685,2026-08-18T05:26:54.996000Z,3890,26202,3911,67.4
13956,3.8768,2026-08-18T05:27:24.996000Z,3890,26232,3912,67.4
13986,3.8851,2026-08-18T05:27:54.996000Z,3885,26262,3912,67.3
14016,3.8935,2026-08-18T05:28:24.996000Z,3890,26292,3911,67.3
14046,3.9018,2026-08-18T05:28:54.996000Z,3885,26322,3911,67.3
14076,3.9101,2026-08-18T05:29:24.997000Z,3885,26352,3911,67.3
14106,3.9185,2026-08-18T05:29:54.997000Z,3885,26382,3911,67.1
14136,3.9268,2026-08-18T05:30:24.996000Z,3885,26412,3908,67.1
14166,3.9351,2026-08-18T05:30:54.997000Z,3885,26442,3908,67.1
14196,3.9435,2026-08-18T05:31:24.997000Z,3885,26472,3910,67.0
14226,3.9518,2026-08-18T05:31:54.998000Z,3885,26502,3907,67.0
14256,3.9601,2026-08-18T05:32:24.998000Z,3880,26532,3907,67.0
14286,3.9685,2026-08-18T05:32:54.998000Z,3885,26562,3907,67.0
14316,3.9768,2026-08-18T05:33:24.998000Z,3885,26592,3906,66.8
14346,3.9851,2026-08-18T05:33:54.998000Z,3885,26622,3906,66.8
14376,3.9935,2026-08-18T05:34:24.998000Z,3880,26652,3907,66.8
14406,4.0018,2026-08-18T05:34:54.998000Z,3880,26682,3905,66.7
14436,4.0101,2026-08-18T05:35:24.999000Z,3880,26712,3905,66.7
14466,4.0185,2026-08-18T05:35:54.999000Z,3880,26742,3906,66.7
14496,4.0268,2026-08-18T05:36:24.999000Z,3880,26772,3905,66.7
14526,4.0351,2026-08-18T05:36:54.999000Z,3880,26802,3905,66.5
14556,4.0435,2026-08-18T05:37:24.999000Z,3871,26832,3903,66.5
14586,4.0518,2026-08-18T05:37:54.999000Z,3880,26862,3903,66.5
14616,4.0601,2026-08-18T05:38:25Z,3880,26892,3903,66.4
14646,4.0685,2026-08-18T05:38:55Z,3880,26922,3903,66.4
14676,4.0768,2026-08-18T05:39:24.999000Z,3880,26952,3902,66.4
14706,4.0851,2026-08-18T05:39:55Z,3880,26982,3902,66.4
14736,4.0935,2026-08-18T05:40:25Z,3875,27012,3900,66.2
14766,4.1018,2026-08-18T05:40:55.001000Z,3880,27042,3901,66.2
14796,4.1101,2026-08-18T05:41:25Z,3875,27072,3901,66.2
14826,4.1185,2026-08-18T05:41:55.001000Z,3875,27102,3902,66.1
14856,4.1268,2026-08-18T05:42:25.001000Z,3875,27132,3901,66.1
14886,4.1351,2026-08-18T05:42:55.001000Z,3875,27162,3901,66.1
14916,4.1435,2026-08-18T05:43:25.001000Z,3875,27192,3902,66.0
14946,4.1518,2026-08-18T05:43:55.002000Z,3875,27222,3898,66.0
14976,4.1601,2026-08-18T05:44:25.002000Z,3875,27252,3898,66.0
15006,4.1685,2026-08-18T05:44:55.002000Z,3875,27282,3901,66.0
15036,4.1768,2026-08-18T05:45:25.002000Z,3875,27312,3897,65.8
15066,4.1851,2026-08-18T05:45:55.002000Z,3875,27342,3897,65.8
15096,4.1935,2026-08-18T05:46:25.002000Z,3875,27372,3898,65.8
15126,4.2018,2026-08-18T05:46:55.003000Z,3875,27402,3897,65.7
15156,4.2101,2026-08-18T05:47:25.003000Z,3875,27432,3897,65.7
15186,4.2185,2026-08-18T05:47:55.003000Z,3875,27462,3897,65.7
15216,4.2268,2026-08-18T05:48:25.003000Z,3875,27492,3896,65.5
15246,4.2351,2026-08-18T05:48:55.003000Z,3871,27522,3896,65.5
15276,4.2435,2026-08-18T05:49:25.003000Z,3871,27552,3896,65.5
15306,4.2518,2026-08-18T05:49:55.003000Z,3875,27582,3895,65.5
15336,4.2601,2026-08-18T05:50:25.003000Z,3871,27612,3895,65.4
15366,4.2685,2026-08-18T05:50:55.003000Z,3871,27642,3895,65.4
15396,4.2768,2026-08-18T05:51:25.004000Z,3871,27672,3895,65.4
15426,4.2851,2026-08-18T05:51:55.004000Z,3871,27702,3895,65.4
15456,4.2935,2026-08-18T05:52:25.004000Z,3871,27732,3895,65.2
15486,4.3018,2026-08-18T05:52:55.005000Z,3871,27762,3895,65.2
15516,4.3101,2026-08-18T05:53:25.005000Z,3871,27792,3895,65.2
15546,4.3185,2026-08-18T05:53:55.005000Z,3871,27822,3893,65.1
15576,4.3268,2026-08-18T05:54:25.005000Z,3871,27852,3893,65.1
15606,4.3351,2026-08-18T05:54:55.005000Z,3866,27882,3893,65.1
15636,4.3435,2026-08-18T05:55:25.005000Z,3871,27912,3892,65.1
15666,4.3518,2026-08-18T05:55:55.005000Z,3871,27942,3891,64.9
15696,4.3601,2026-08-18T05:56:25.006000Z,3871,27972,3891,64.9
15726,4.3685,2026-08-18T05:56:55.006000Z,3871,28002,3893,64.9
15756,4.3768,2026-08-18T05:57:25.006000Z,3866,28032,3890,64.9
15786,4.3851,2026-08-18T05:57:55.006000Z,3866,28062,3890,64.8
15816,4.3935,2026-08-18T05:58:25.006000Z,3866,28092,3890,64.8
15846,4.4018,2026-08-18T05:58:55.006000Z,3866,28122,3887,64.8
15876,4.4101,2026-08-18T05:59:25.006000Z,3866,28152,3887,64.6
15906,4.4185,2026-08-18T05:59:55.007000Z,3866,28182,3890,64.6
15936,4.4268,2026-08-18T06:00:25.007000Z,3866,28212,3888,64.6
15966,4.4351,2026-08-18T06:00:55.007000Z,3866,28242,3888,64.6
15996,4.4435,2026-08-18T06:01:25.007000Z,3866,28272,3886,64.5
16026,4.4518,2026-08-18T06:01:55.007000Z,3866,28302,3887,64.5
16056,4.4601,2026-08-18T06:02:25.008000Z,3866,28332,3887,64.5
16086,4.4685,2026-08-18T06:02:55.007000Z,3866,28362,3886,64.4
16116,4.4768,2026-08-18T06:03:25.007000Z,3861,28392,3885,64.4
16146,4.4851,2026-08-18T06:03:55.008000Z,3866,28422,3885,64.4
16176,4.4935,2026-08-18T06:04:25.008000Z,3861,28452,3885,64.2
16206,4.5018,2026-08-18T06:04:55.008000Z,3861,28482,3885,64.2
16236,4.5101,2026-08-18T06:05:25.008000Z,3861,28512,3885,64.2
16266,4.5185,2026-08-18T06:05:55.009000Z,3861,28542,3886,64.2
16296,4.5268,2026-08-18T06:06:25.008000Z,3866,28572,3880,64.1
16326,4.5351,2026-08-18T06:06:55.009000Z,3861,28602,3880,64.1
16356,4.5435,2026-08-18T06:07:25.009000Z,3861,28632,3883,64.1
16386,4.5518,2026-08-18T06:07:55.009000Z,3861,28662,3885,63.9
16416,4.5601,2026-08-18T06:08:25.010000Z,3861,28692,3885,63.9
16446,4.5685,2026-08-18T06:08:55.010000Z,3861,28722,3883,63.9
16476,4.5768,2026-08-18T06:09:25.010000Z,3861,28752,3883,63.9
16506,4.5851,2026-08-18T06:09:55.010000Z,3861,28782,3883,63.8
16536,4.5935,2026-08-18T06:10:25.010000Z,3861,28812,3882,63.8
16566,4.6018,2026-08-18T06:10:55.010000Z,3861,28842,3880,63.8
16596,4.6101,2026-08-18T06:11:25.011000Z,3856,28872,3880,63.6
16626,4.6185,2026-08-18T06:11:55.011000Z,3856,28902,3880,63.6
16656,4.6268,2026-08-18T06:12:25.011000Z,3856,28932,3880,63.6
16686,4.6351,2026-08-18T06:12:55.011000Z,3856,28962,3880,63.6
16716,4.6435,2026-08-18T06:13:25.012000Z,3856,28992,3880,63.5
16746,4.6518,2026-08-18T06:13:55.011000Z,3851,29022,3877,63.5
16776,4.6601,2026-08-18T06:14:25.012000Z,3856,29052,3877,63.5
16806,4.6685,2026-08-18T06:14:55.011000Z,3856,29082,3877,63.3
16836,4.6768,2026-08-18T06:15:25.012000Z,3856,29112,3878,63.3
16866,4.6851,2026-08-18T06:15:55.012000Z,3851,29142,3878,63.3
16896,4.6935,2026-08-18T06:16:25.012000Z,3851,29172,3878,63.3
16928,4.7024,2026-08-18T06:16:57.190000Z,3851,29204,3877,63.2
16958,4.7107,2026-08-18T06:17:27.191000Z,3851,29234,3877,63.2
16988,4.7191,2026-08-18T06:17:57.190000Z,3846,29264,3877,63.2
17020,4.7278,2026-08-18T06:18:28.690000Z,3851,29294,3877,63.2
17050,4.7362,2026-08-18T06:18:58.691000Z,3851,29324,3877,63.1
17080,4.7445,2026-08-18T06:19:28.691000Z,3856,29354,3877,63.1
17110,4.7528,2026-08-18T06:19:58.691000Z,3851,29384,3872,63.1
17140,4.7612,2026-08-18T06:20:28.691000Z,3851,29414,3872,62.9
17170,4.7695,2026-08-18T06:20:58.691000Z,3846,29444,3873,62.9
17200,4.7778,2026-08-18T06:21:28.691000Z,3851,29474,3873,62.9
17230,4.7862,2026-08-18T06:21:58.692000Z,3851,29504,3873,62.9
17260,4.7945,2026-08-18T06:22:28.692000Z,3851,29534,3872,62.8
17290,4.8028,2026-08-18T06:22:58.692000Z,3851,29564,3872,62.8
17320,4.8112,2026-08-18T06:23:28.692000Z,3846,29594,3872,62.8
17350,4.8195,2026-08-18T06:23:58.692000Z,3846,29624,3873,62.6
17380,4.8278,2026-08-18T06:24:28.693000Z,3846,29654,3870,62.6
17410,4.8362,2026-08-18T06:24:58.693000Z,3851,29684,3870,62.6
17440,4.8445,2026-08-18T06:25:28.693000Z,3846,29714,3871,62.6
17470,4.8528,2026-08-18T06:25:58.693000Z,3846,29744,3871,62.5
17500,4.8612,2026-08-18T06:26:28.693000Z,3846,29774,3871,62.5
17530,4.8695,2026-08-18T06:26:58.693000Z,3846,29804,3871,62.5
17560,4.8778,2026-08-18T06:27:28.694000Z,3846,29834,3868,62.3
17590,4.8862,2026-08-18T06:27:58.694000Z,3846,29864,3868,62.3
17620,4.8945,2026-08-18T06:28:28.694000Z,3846,29894,3870,62.3
17650,4.9028,2026-08-18T06:28:58.694000Z,3846,29924,3870,62.3
17680,4.9112,2026-08-18T06:29:28.694000Z,3846,29954,3870,62.2
17710,4.9195,2026-08-18T06:29:58.695000Z,3846,29984,3868,62.2
17740,4.9278,2026-08-18T06:30:28.694000Z,3846,30014,3867,62.2
17770,4.9362,2026-08-18T06:30:58.695000Z,3846,30044,3867,62.2
17800,4.9445,2026-08-18T06:31:28.695000Z,3846,30074,3867,62.0
17830,4.9528,2026-08-18T06:31:58.695000Z,3846,30104,3866,62.0
17860,4.9612,2026-08-18T06:32:28.695000Z,3846,30134,3866,62.0
17890,4.9695,2026-08-18T06:32:58.696000Z,3846,30164,3868,61.9
17920,4.9778,2026-08-18T06:33:28.695000Z,3841,30194,3863,61.9
17950,4.9862,2026-08-18T06:33:58.696000Z,3846,30224,3863,61.9
17980,4.9945,2026-08-18T06:34:28.696000Z,3846,30254,3866,61.9
18010,5.0028,2026-08-18T06:34:58.696000Z,3846,30284,3863,61.8
18040,5.0112,2026-08-18T06:35:28.696000Z,3841,30314,3863,61.8
18070,5.0195,2026-08-18T06:35:58.697000Z,3836,30344,3865,61.8
18100,5.0278,2026-08-18T06:36:28.697000Z,3841,30374,3866,61.6
18130,5.0362,2026-08-18T06:36:58.697000Z,3841,30404,3866,61.6
18160,5.0445,2026-08-18T06:37:28.697000Z,3841,30434,3865,61.6
18190,5.0528,2026-08-18T06:37:58.697000Z,3841,30464,3863,61.6
18220,5.0612,2026-08-18T06:38:28.697000Z,3841,30494,3863,61.6
18250,5.0695,2026-08-18T06:38:58.698000Z,3841,30524,3862,61.5
18280,5.0778,2026-08-18T06:39:28.698000Z,3841,30554,3862,61.5
18310,5.0862,2026-08-18T06:39:58.698000Z,3836,30584,3862,61.5
18340,5.0945,2026-08-18T06:40:28.698000Z,3841,30614,3857,61.3
18370,5.1028,2026-08-18T06:40:58.698000Z,3836,30644,3862,61.3
18400,5.1112,2026-08-18T06:41:28.698000Z,3841,30674,3862,61.3
18430,5.1195,2026-08-18T06:41:58.698000Z,3836,30704,3861,61.3
18460,5.1278,2026-08-18T06:42:28.698000Z,3836,30734,3858,61.3
18490,5.1362,2026-08-18T06:42:58.699000Z,3831,30764,3858,61.3
18520,5.1445,2026-08-18T06:43:28.699000Z,3831,30794,3860,61.3
18550,5.1528,2026-08-18T06:43:58.699000Z,3836,30824,3858,61.0
18580,5.1612,2026-08-18T06:44:28.700000Z,3836,30854,3858,61.0
18610,5.1695,2026-08-18T06:44:58.699000Z,3836,30884,3860,61.0
18640,5.1778,2026-08-18T06:45:28.699000Z,3836,30914,3857,61.0
18670,5.1862,2026-08-18T06:45:58.700000Z,3836,30944,3857,61.0
18700,5.1945,2026-08-18T06:46:28.700000Z,3836,30974,3857,61.0
18730,5.2028,2026-08-18T06:46:58.699000Z,3831,31004,3855,61.0
18760,5.2112,2026-08-18T06:47:28.700000Z,3826,31034,3855,60.7
18790,5.2195,2026-08-18T06:47:58.701000Z,3836,31064,3857,60.7
18820,5.2278,2026-08-18T06:48:28.700000Z,3831,31094,3853,60.7
18850,5.2362,2026-08-18T06:48:58.701000Z,3836,31124,3853,60.7
18880,5.2445,2026-08-18T06:49:28.700000Z,3836,31154,3856,60.7
18910,5.2528,2026-08-18T06:49:58.701000Z,3831,31184,3855,60.7
18940,5.2612,2026-08-18T06:50:28.701000Z,3831,31214,3855,60.4
18970,5.2695,2026-08-18T06:50:58.701000Z,3831,31244,3855,60.4
19000,5.2778,2026-08-18T06:51:28.702000Z,3831,31274,3853,60.4
19030,5.2862,2026-08-18T06:51:58.702000Z,3831,31304,3853,60.4
19060,5.2945,2026-08-18T06:52:28.702000Z,3831,31334,3852,60.4
19090,5.3028,2026-08-18T06:52:58.702000Z,3826,31364,3852,60.4
19120,5.3112,2026-08-18T06:53:28.702000Z,3826,31394,3852,60.4
19150,5.3195,2026-08-18T06:53:58.702000Z,3826,31424,3851,60.1
19180,5.3278,2026-08-18T06:54:28.702000Z,3826,31454,3852,60.1
19210,5.3362,2026-08-18T06:54:58.703000Z,3822,31484,3852,60.1
19240,5.3445,2026-08-18T06:55:28.703000Z,3826,31514,3852,60.1
19270,5.3528,2026-08-18T06:55:58.703000Z,3826,31544,3852,60.1
19300,5.3612,2026-08-18T06:56:28.704000Z,3826,31574,3852,60.1
19330,5.3695,2026-08-18T06:56:58.704000Z,3826,31604,3851,59.7
19360,5.3778,2026-08-18T06:57:28.704000Z,3826,31634,3850,59.7
19390,5.3862,2026-08-18T06:57:58.704000Z,3826,31664,3850,59.7
19420,5.3945,2026-08-18T06:58:28.704000Z,3826,31694,3850,59.7
19450,5.4028,2026-08-18T06:58:58.704000Z,3826,31724,3850,59.7
19480,5.4112,2026-08-18T06:59:28.704000Z,3826,31754,3850,59.7
19510,5.4195,2026-08-18T06:59:58.705000Z,3826,31784,3848,59.4
19540,5.4278,2026-08-18T07:00:28.705000Z,3826,31814,3847,59.4
19570,5.4362,2026-08-18T07:00:58.705000Z,3822,31844,3847,59.4
19600,5.4445,2026-08-18T07:01:28.705000Z,3822,31874,3847,59.4
19630,5.4528,2026-08-18T07:01:58.705000Z,3826,31904,3847,59.4
19660,5.4612,2026-08-18T07:02:28.705000Z,3822,31934,3847,59.4
19690,5.4695,2026-08-18T07:02:58.705000Z,3822,31964,3845,59.1
19720,5.4778,2026-08-18T07:03:28.705000Z,3826,31994,3846,59.1
19750,5.4862,2026-08-18T07:03:58.706000Z,3822,32024,3846,59.1
19780,5.4945,2026-08-18T07:04:28.706000Z,3822,32054,3845,59.1
19810,5.5028,2026-08-18T07:04:58.706000Z,3822,32084,3847,59.1
19840,5.5112,2026-08-18T07:05:28.706000Z,3817,32114,3847,58.8
19870,5.5195,2026-08-18T07:05:58.706000Z,3822,32144,3846,58.8
19900,5.5278,2026-08-18T07:06:28.707000Z,3812,32174,3840,58.8
19930,5.5362,2026-08-18T07:06:58.706000Z,3822,32204,3840,58.8
19960,5.5445,2026-08-18T07:07:28.706000Z,3822,32234,3842,58.8
19990,5.5528,2026-08-18T07:07:58.707000Z,3822,32264,3842,58.8
20020,5.5612,2026-08-18T07:08:28.707000Z,3822,32294,3842,58.5
20050,5.5695,2026-08-18T07:08:58.707000Z,3822,32324,3838,58.5
20080,5.5778,2026-08-18T07:09:28.707000Z,3822,32354,3842,58.5
20110,5.5862,2026-08-18T07:09:58.708000Z,3822,32384,3842,58.5
20140,5.5945,2026-08-18T07:10:28.709000Z,3822,32414,3843,58.5
20170,5.6028,2026-08-18T07:10:58.708000Z,3817,32444,3840,58.2
20200,5.6112,2026-08-18T07:11:28.708000Z,3822,32474,3840,58.2
20230,5.6195,2026-08-18T07:11:58.709000Z,3817,32504,3842,58.2
20260,5.6278,2026-08-18T07:12:28.709000Z,3817,32534,3841,58.2
20290,5.6362,2026-08-18T07:12:58.709000Z,3817,32564,3841,58.2
20320,5.6445,2026-08-18T07:13:28.709000Z,3817,32594,3840,57.8
20350,5.6528,2026-08-18T07:13:58.709000Z,3817,32624,3836,57.8
20380,5.6612,2026-08-18T07:14:28.709000Z,3817,32654,3836,57.8
20410,5.6695,2026-08-18T07:14:58.709000Z,3812,32684,3840,57.8
20440,5.6778,2026-08-18T07:15:28.710000Z,3817,32714,3836,57.8
20470,5.6862,2026-08-18T07:15:58.710000Z,3817,32744,3836,57.5
20500,5.6945,2026-08-18T07:16:28.710000Z,3817,32774,3838,57.5
20530,5.7028,2026-08-18T07:16:58.710000Z,3817,32804,3838,57.5
20560,5.7112,2026-08-18T07:17:28.710000Z,3802,32834,3838,57.5
20590,5.7195,2026-08-18T07:17:58.710000Z,3817,32864,3837,57.5
20620,5.7278,2026-08-18T07:18:28.710000Z,3802,32894,3838,57.2
20650,5.7362,2026-08-18T07:18:58.711000Z,3812,32924,3838,57.2
20680,5.7445,2026-08-18T07:19:28.711000Z,3817,32954,3836,57.2
20710,5.7528,2026-08-18T07:19:58.711000Z,3817,32984,3837,57.2
20740,5.7612,2026-08-18T07:20:28.711000Z,3812,33014,3837,57.2
20770,5.7695,2026-08-18T07:20:58.711000Z,3812,33044,3835,57.2
20800,5.7778,2026-08-18T07:21:28.712000Z,3807,33074,3835,56.9
20830,5.7862,2026-08-18T07:21:58.712000Z,3812,33104,3835,56.9
20860,5.7945,2026-08-18T07:22:28.711000Z,3807,33134,3833,56.9
20890,5.8028,2026-08-18T07:22:58.712000Z,3807,33164,3835,56.9
20920,5.8112,2026-08-18T07:23:28.712000Z,3812,33194,3835,56.9
20950,5.8195,2026-08-18T07:23:58.712000Z,3802,33224,3832,56.6
20980,5.8278,2026-08-18T07:24:28.713000Z,3802,33254,3833,56.6
21010,5.8362,2026-08-18T07:24:58.713000Z,3807,33284,3833,56.6
21040,5.8445,2026-08-18T07:25:28.713000Z,3807,33314,3832,56.6
21070,5.8528,2026-08-18T07:25:58.713000Z,3802,33344,3832,56.6
21100,5.8612,2026-08-18T07:26:28.713000Z,3802,33374,3832,56.3
21130,5.8695,2026-08-18T07:26:58.713000Z,3802,33404,3831,56.3
21160,5.8778,2026-08-18T07:27:28.713000Z,3802,33434,3830,56.3
21190,5.8862,2026-08-18T07:27:58.714000Z,3802,33464,3830,56.3
21220,5.8945,2026-08-18T07:28:28.714000Z,3802,33494,3832,56.3
21250,5.9028,2026-08-18T07:28:58.714000Z,3802,33524,3830,55.9
21280,5.9112,2026-08-18T07:29:28.714000Z,3802,33554,3830,55.9
21310,5.9195,2026-08-18T07:29:58.714000Z,3802,33584,3830,55.9
21340,5.9278,2026-08-18T07:30:28.714000Z,3802,33614,3830,55.9
21370,5.9362,2026-08-18T07:30:58.715000Z,3802,33644,3830,55.9
21400,5.9445,2026-08-18T07:31:28.715000Z,3802,33674,3830,55.6
21430,5.9528,2026-08-18T07:31:58.715000Z,3802,33704,3828,55.6
21460,5.9612,2026-08-18T07:32:28.715000Z,3802,33734,3828,55.6
21490,5.9695,2026-08-18T07:32:58.715000Z,3802,33764,3828,55.6
21520,5.9778,2026-08-18T07:33:28.716000Z,3802,33794,3825,55.6
21550,5.9862,2026-08-18T07:33:58.716000Z,3802,33824,3825,55.3
21580,5.9945,2026-08-18T07:34:28.716000Z,3797,33854,3825,55.3
21610,6.0028,2026-08-18T07:34:58.716000Z,3797,33884,3825,55.3
21640,6.0112,2026-08-18T07:35:28.716000Z,3797,33914,3825,55.3
21670,6.0195,2026-08-18T07:35:58.716000Z,3802,33944,3827,55.0
21700,6.0278,2026-08-18T07:36:28.716000Z,3797,33974,3825,55.0
21730,6.0362,2026-08-18T07:36:58.716000Z,3797,34004,3825,55.0
21760,6.0445,2026-08-18T07:37:28.716000Z,3802,34034,3825,55.0
21790,6.0528,2026-08-18T07:37:58.716000Z,3797,34064,3823,55.0
21820,6.0612,2026-08-18T07:38:28.716000Z,3797,34094,3823,54.7
21850,6.0695,2026-08-18T07:38:58.717000Z,3797,34124,3822,54.7
21880,6.0778,2026-08-18T07:39:28.717000Z,3797,34154,3825,54.7
21910,6.0862,2026-08-18T07:39:58.718000Z,3797,34184,3825,54.7
21940,6.0945,2026-08-18T07:40:28.717000Z,3797,34214,3822,54.7
21970,6.1028,2026-08-18T07:40:58.718000Z,3797,34244,3821,54.4
22000,6.1112,2026-08-18T07:41:28.718000Z,3797,34274,3821,54.4
22030,6.1195,2026-08-18T07:41:58.718000Z,3797,34304,3823,54.4
22060,6.1278,2026-08-18T07:42:28.718000Z,3792,34334,3822,54.4
22090,6.1362,2026-08-18T07:42:58.719000Z,3792,34364,3822,54.0
22120,6.1445,2026-08-18T07:43:28.718000Z,3792,34394,3821,54.0
22150,6.1528,2026-08-18T07:43:58.719000Z,3792,34424,3821,54.0
22180,6.1612,2026-08-18T07:44:28.719000Z,3792,34454,3821,54.0
22210,6.1695,2026-08-18T07:44:58.719000Z,3792,34484,3820,54.0
22240,6.1778,2026-08-18T07:45:28.719000Z,3792,34514,3820,53.7
22270,6.1862,2026-08-18T07:45:58.719000Z,3792,34544,3820,53.7
22300,6.1945,2026-08-18T07:46:28.719000Z,3792,34574,3820,53.7
22330,6.2028,2026-08-18T07:46:58.720000Z,3792,34604,3821,53.7
22360,6.2112,2026-08-18T07:47:28.720000Z,3792,34634,3821,53.7
22390,6.2195,2026-08-18T07:47:58.720000Z,3792,34664,3818,53.4
22420,6.2278,2026-08-18T07:48:28.720000Z,3792,34694,3817,53.4
22450,6.2362,2026-08-18T07:48:58.720000Z,3792,34724,3817,53.4
22480,6.2445,2026-08-18T07:49:28.721000Z,3792,34754,3817,53.4
22510,6.2528,2026-08-18T07:49:58.721000Z,3792,34784,3817,53.0
22540,6.2612,2026-08-18T07:50:28.721000Z,3792,34814,3817,53.0
22570,6.2695,2026-08-18T07:50:58.721000Z,3787,34844,3817,53.0
22600,6.2778,2026-08-18T07:51:28.721000Z,3787,34874,3816,53.0
22630,6.2862,2026-08-18T07:51:58.722000Z,3787,34904,3816,53.0
22660,6.2945,2026-08-18T07:52:28.722000Z,3787,34934,3816,53.0
22690,6.3028,2026-08-18T07:52:58.722000Z,3787,34964,3815,52.6
22720,6.3112,2026-08-18T07:53:28.722000Z,3787,34994,3815,52.6
22750,6.3195,2026-08-18T07:53:58.722000Z,3787,35024,3816,52.6
22780,6.3278,2026-08-18T07:54:28.722000Z,3787,35054,3815,52.6
22810,6.3362,2026-08-18T07:54:58.723000Z,3787,35084,3815,52.6
22840,6.3445,2026-08-18T07:55:28.722000Z,3787,35114,3815,52.3
22870,6.3528,2026-08-18T07:55:58.723000Z,3787,35144,3812,52.3
22900,6.3612,2026-08-18T07:56:28.723000Z,3787,35174,3812,52.3
22930,6.3695,2026-08-18T07:56:58.723000Z,3787,35204,3815,52.3
22960,6.3778,2026-08-18T07:57:28.723000Z,3787,35234,3813,52.3
22990,6.3862,2026-08-18T07:57:58.723000Z,3787,35264,3812,52.3
23020,6.3945,2026-08-18T07:58:28.724000Z,3787,35294,3812,51.9
23050,6.4028,2026-08-18T07:58:58.724000Z,3787,35324,3812,51.9
23080,6.4112,2026-08-18T07:59:28.724000Z,3782,35354,3812,51.9
23110,6.4195,2026-08-18T07:59:58.724000Z,3787,35384,3812,51.9
23140,6.4278,2026-08-18T08:00:28.724000Z,3782,35414,3810,51.9
23170,6.4362,2026-08-18T08:00:58.725000Z,3782,35444,3810,51.5
23200,6.4445,2026-08-18T08:01:28.725000Z,3782,35474,3810,51.5
23230,6.4528,2026-08-18T08:01:58.725000Z,3782,35504,3811,51.5
23260,6.4612,2026-08-18T08:02:28.725000Z,3782,35534,3811,51.5
23290,6.4695,2026-08-18T08:02:58.725000Z,3782,35564,3811,51.5
23320,6.4778,2026-08-18T08:03:28.725000Z,3777,35594,3808,51.1
23350,6.4862,2026-08-18T08:03:58.725000Z,3782,35624,3808,51.1
23380,6.4945,2026-08-18T08:04:28.726000Z,3782,35654,3808,51.1
23410,6.5028,2026-08-18T08:04:58.726000Z,3782,35684,3808,51.1
23440,6.5112,2026-08-18T08:05:28.726000Z,3777,35714,3808,51.1
23470,6.5195,2026-08-18T08:05:58.726000Z,3777,35744,3808,51.1
23500,6.5278,2026-08-18T08:06:28.727000Z,3777,35774,3808,50.7
23530,6.5362,2026-08-18T08:06:58.727000Z,3777,35804,3807,50.7
23560,6.5445,2026-08-18T08:07:28.727000Z,3777,35834,3807,50.7
23590,6.5528,2026-08-18T08:07:58.727000Z,3777,35864,3806,50.7
23620,6.5612,2026-08-18T08:08:28.727000Z,3777,35894,3806,50.3
23650,6.5695,2026-08-18T08:08:58.727000Z,3777,35924,3806,50.3
23680,6.5778,2026-08-18T08:09:28.727000Z,3777,35954,3806,50.3
23710,6.5862,2026-08-18T08:09:58.727000Z,3777,35984,3806,50.3
23740,6.5945,2026-08-18T08:10:28.728000Z,3777,36014,3806,50.3
23770,6.6028,2026-08-18T08:10:58.728000Z,3777,36044,3806,50.0
23800,6.6112,2026-08-18T08:11:28.728000Z,3777,36074,3803,50.0
23830,6.6195,2026-08-18T08:11:58.728000Z,3777,36104,3803,50.0
23860,6.6278,2026-08-18T08:12:28.729000Z,3777,36134,3803,50.0
23890,6.6362,2026-08-18T08:12:58.729000Z,3777,36164,3802,50.0
23920,6.6445,2026-08-18T08:13:28.729000Z,3777,36194,3802,49.6
23950,6.6528,2026-08-18T08:13:58.729000Z,3773,36224,3803,49.6
23980,6.6612,2026-08-18T08:14:28.729000Z,3777,36254,3803,49.6
24010,6.6695,2026-08-18T08:14:58.729000Z,3773,36284,3803,49.6
24040,6.6778,2026-08-18T08:15:28.730000Z,3777,36314,3803,49.6
24070,6.6862,2026-08-18T08:15:58.730000Z,3773,36344,3802,49.2
24100,6.6945,2026-08-18T08:16:28.730000Z,3773,36374,3802,49.2
24130,6.7028,2026-08-18T08:16:58.730000Z,3773,36404,3801,49.2
24160,6.7112,2026-08-18T08:17:28.730000Z,3773,36434,3802,49.2
24190,6.7195,2026-08-18T08:17:58.730000Z,3773,36464,3802,49.2
24220,6.7278,2026-08-18T08:18:28.731000Z,3773,36494,3800,48.8
24250,6.7362,2026-08-18T08:18:58.731000Z,3773,36524,3798,48.8
24280,6.7445,2026-08-18T08:19:28.731000Z,3773,36554,3798,48.8
24310,6.7528,2026-08-18T08:19:58.731000Z,3773,36584,3801,48.8
24340,6.7612,2026-08-18T08:20:28.731000Z,3773,36614,3800,48.8
24370,6.7695,2026-08-18T08:20:58.731000Z,3773,36644,3800,48.4
24400,6.7778,2026-08-18T08:21:28.731000Z,3773,36674,3798,48.4
24430,6.7862,2026-08-18T08:21:58.732000Z,3773,36704,3798,48.4
24460,6.7945,2026-08-18T08:22:28.732000Z,3773,36734,3798,48.4
24490,6.8028,2026-08-18T08:22:58.732000Z,3773,36764,3796,48.4
24520,6.8112,2026-08-18T08:23:28.732000Z,3773,36794,3798,48.0
24550,6.8195,2026-08-18T08:23:58.733000Z,3773,36824,3798,48.0
24580,6.8278,2026-08-18T08:24:28.733000Z,3773,36854,3796,48.0
24610,6.8362,2026-08-18T08:24:58.733000Z,3773,36884,3795,48.0
24640,6.8445,2026-08-18T08:25:28.733000Z,3773,36914,3795,48.0
24670,6.8528,2026-08-18T08:25:58.733000Z,3768,36944,3796,47.7
24700,6.8612,2026-08-18T08:26:28.733000Z,3768,36974,3795,47.7
24730,6.8695,2026-08-18T08:26:58.733000Z,3768,37004,3795,47.7
24760,6.8778,2026-08-18T08:27:28.733000Z,3768,37034,3795,47.7
24790,6.8862,2026-08-18T08:27:58.734000Z,3768,37064,3793,47.7
24820,6.8945,2026-08-18T08:28:28.734000Z,3768,37094,3793,47.3
24850,6.9028,2026-08-18T08:28:58.734000Z,3768,37124,3792,47.3
24880,6.9112,2026-08-18T08:29:28.734000Z,3768,37154,3795,47.3
24910,6.9195,2026-08-18T08:29:58.735000Z,3768,37184,3795,47.3
24940,6.9278,2026-08-18T08:30:28.735000Z,3768,37214,3792,47.3
24970,6.9362,2026-08-18T08:30:58.735000Z,3768,37244,3793,46.9
25000,6.9445,2026-08-18T08:31:28.735000Z,3768,37274,3793,46.9
25030,6.9528,2026-08-18T08:31:58.735000Z,3768,37304,3791,46.9
25060,6.9612,2026-08-18T08:32:28.735000Z,3768,37334,3792,46.9
25090,6.9695,2026-08-18T08:32:58.735000Z,3768,37364,3792,46.9
25120,6.9778,2026-08-18T08:33:28.735000Z,3768,37394,3792,46.5
25150,6.9862,2026-08-18T08:33:58.736000Z,3768,37424,3791,46.5
25180,6.9945,2026-08-18T08:34:28.736000Z,3768,37454,3791,46.5
25210,7.0028,2026-08-18T08:34:58.736000Z,3768,37484,3791,46.5
25240,7.0112,2026-08-18T08:35:28.737000Z,3768,37514,3791,46.5
25270,7.0195,2026-08-18T08:35:58.737000Z,3768,37544,3791,46.0
25300,7.0278,2026-08-18T08:36:28.737000Z,3768,37574,3790,46.0
25330,7.0362,2026-08-18T08:36:58.737000Z,3768,37604,3790,46.0
25360,7.0445,2026-08-18T08:37:28.737000Z,3768,37634,3790,46.0
25390,7.0528,2026-08-18T08:37:58.737000Z,3768,37664,3788,46.0
25420,7.0612,2026-08-18T08:38:28.738000Z,3768,37694,3788,45.6
25450,7.0695,2026-08-18T08:38:58.738000Z,3768,37724,3788,45.6
25480,7.0778,2026-08-18T08:39:28.738000Z,3768,37754,3788,45.6
25510,7.0862,2026-08-18T08:39:58.738000Z,3768,37784,3787,45.6
25540,7.0945,2026-08-18T08:40:28.739000Z,3768,37814,3787,45.6
25570,7.1028,2026-08-18T08:40:58.738000Z,3763,37844,3787,45.2
25600,7.1112,2026-08-18T08:41:28.738000Z,3768,37874,3785,45.2
25630,7.1195,2026-08-18T08:41:58.738000Z,3768,37904,3785,45.2
25660,7.1278,2026-08-18T08:42:28.739000Z,3768,37934,3787,45.2
25690,7.1362,2026-08-18T08:42:58.739000Z,3768,37964,3787,45.2
25720,7.1445,2026-08-18T08:43:28.739000Z,3763,37994,3787,44.8
25750,7.1528,2026-08-18T08:43:58.740000Z,3763,38024,3786,44.8
25780,7.1612,2026-08-18T08:44:28.739000Z,3768,38054,3785,44.8
25810,7.1695,2026-08-18T08:44:58.740000Z,3768,38084,3785,44.8
25840,7.1778,2026-08-18T08:45:28.740000Z,3768,38114,3787,44.8
25870,7.1862,2026-08-18T08:45:58.740000Z,3768,38144,3787,44.8
25900,7.1945,2026-08-18T08:46:28.740000Z,3768,38174,3787,44.4
25930,7.2028,2026-08-18T08:46:58.740000Z,3768,38204,3785,44.4
25960,7.2112,2026-08-18T08:47:28.741000Z,3768,38234,3786,44.4
25990,7.2195,2026-08-18T08:47:58.741000Z,3763,38264,3786,44.4
26020,7.2278,2026-08-18T08:48:28.741000Z,3768,38294,3783,44.4
26050,7.2362,2026-08-18T08:48:58.741000Z,3763,38324,3782,44.4
26080,7.2445,2026-08-18T08:49:28.741000Z,3763,38354,3782,44.0
26110,7.2528,2026-08-18T08:49:58.741000Z,3758,38384,3783,44.0
26140,7.2612,2026-08-18T08:50:28.742000Z,3763,38414,3783,44.0
26170,7.2695,2026-08-18T08:50:58.742000Z,3763,38444,3783,44.0
26200,7.2778,2026-08-18T08:51:28.742000Z,3758,38474,3782,43.6
26230,7.2862,2026-08-18T08:51:58.742000Z,3763,38504,3782,43.6
26260,7.2945,2026-08-18T08:52:28.742000Z,3758,38534,3782,43.6
26290,7.3028,2026-08-18T08:52:58.742000Z,3758,38564,3781,43.6
26320,7.3112,2026-08-18T08:53:28.742000Z,3758,38594,3781,43.6
26350,7.3195,2026-08-18T08:53:58.743000Z,3763,38624,3781,43.2
26380,7.3278,2026-08-18T08:54:28.743000Z,3758,38654,3782,43.2
26410,7.3362,2026-08-18T08:54:58.743000Z,3758,38684,3781,43.2
26440,7.3445,2026-08-18T08:55:28.743000Z,3758,38714,3781,43.2
26470,7.3528,2026-08-18T08:55:58.744000Z,3758,38744,3781,43.2
26500,7.3612,2026-08-18T08:56:28.743000Z,3758,38774,3780,43.2
26530,7.3695,2026-08-18T08:56:58.744000Z,3758,38804,3780,42.8
26560,7.3778,2026-08-18T08:57:28.744000Z,3758,38834,3781,42.8
26590,7.3862,2026-08-18T08:57:58.744000Z,3758,38864,3778,42.8
26620,7.3945,2026-08-18T08:58:28.744000Z,3758,38894,3778,42.8
26650,7.4028,2026-08-18T08:58:58.745000Z,3758,38924,3778,42.8
26680,7.4112,2026-08-18T08:59:28.744000Z,3758,38954,3780,42.4
26710,7.4195,2026-08-18T08:59:58.745000Z,3753,38984,3780,42.4
26740,7.4278,2026-08-18T09:00:28.745000Z,3753,39014,3778,42.4
26770,7.4362,2026-08-18T09:00:58.745000Z,3758,39044,3778,42.4
26800,7.4445,2026-08-18T09:01:28.745000Z,3753,39074,3778,42.4
26830,7.4528,2026-08-18T09:01:58.745000Z,3758,39104,3777,42.0
26860,7.4612,2026-08-18T09:02:28.745000Z,3758,39134,3777,42.0
26890,7.4695,2026-08-18T09:02:58.746000Z,3753,39164,3777,42.0
26920,7.4778,2026-08-18T09:03:28.746000Z,3753,39194,3777,42.0
26950,7.4862,2026-08-18T09:03:58.746000Z,3753,39224,3777,41.5
26980,7.4945,2026-08-18T09:04:28.746000Z,3753,39254,3777,41.5
27010,7.5028,2026-08-18T09:04:58.746000Z,3753,39284,3776,41.5
27040,7.5112,2026-08-18T09:05:28.747000Z,3753,39314,3776,41.5
27070,7.5195,2026-08-18T09:05:58.747000Z,3753,39344,3776,41.5
27100,7.5278,2026-08-18T09:06:28.747000Z,3753,39374,3776,41.5
27130,7.5362,2026-08-18T09:06:58.747000Z,3753,39404,3775,41.1
27160,7.5445,2026-08-18T09:07:28.747000Z,3753,39434,3775,41.1
27190,7.5528,2026-08-18T09:07:58.748000Z,3753,39464,3775,41.1
27220,7.5612,2026-08-18T09:08:28.748000Z,3753,39494,3776,41.1
27250,7.5695,2026-08-18T09:08:58.748000Z,3753,39524,3776,40.8
27280,7.5778,2026-08-18T09:09:28.748000Z,3753,39554,3775,40.8
27310,7.5862,2026-08-18T09:09:58.747000Z,3753,39584,3772,40.8
27340,7.5945,2026-08-18T09:10:28.748000Z,3753,39614,3772,40.8
27370,7.6028,2026-08-18T09:10:58.748000Z,3753,39644,3771,40.8
27400,7.6112,2026-08-18T09:11:28.749000Z,3753,39674,3773,40.4
27430,7.6195,2026-08-18T09:11:58.749000Z,3753,39704,3773,40.4
27460,7.6278,2026-08-18T09:12:28.750000Z,3753,39734,3772,40.4
27490,7.6362,2026-08-18T09:12:58.749000Z,3748,39764,3775,40.4
27520,7.6445,2026-08-18T09:13:28.750000Z,3753,39794,3775,40.4
27550,7.6528,2026-08-18T09:13:58.749000Z,3753,39824,3772,40.1
27580,7.6612,2026-08-18T09:14:28.750000Z,3748,39854,3771,40.1
27610,7.6695,2026-08-18T09:14:58.750000Z,3748,39884,3771,40.1
27640,7.6778,2026-08-18T09:15:28.750000Z,3748,39914,3770,40.1
27670,7.6862,2026-08-18T09:15:58.750000Z,3748,39944,3773,40.1
27700,7.6945,2026-08-18T09:16:28.750000Z,3748,39974,3773,39.7
27730,7.7028,2026-08-18T09:16:58.751000Z,3748,40004,3772,39.7
27760,7.7112,2026-08-18T09:17:28.751000Z,3748,40034,3770,39.7
27790,7.7195,2026-08-18T09:17:58.751000Z,3748,40064,3770,39.7
27820,7.7278,2026-08-18T09:18:28.751000Z,3748,40094,3768,39.3
27850,7.7362,2026-08-18T09:18:58.751000Z,3748,40124,3768,39.3
27880,7.7445,2026-08-18T09:19:28.751000Z,3748,40154,3768,39.3
27910,7.7528,2026-08-18T09:19:58.751000Z,3748,40184,3768,39.3
27940,7.7612,2026-08-18T09:20:28.752000Z,3748,40214,3768,39.3
27970,7.7695,2026-08-18T09:20:58.752000Z,3748,40244,3768,39.0
28000,7.7778,2026-08-18T09:21:28.751000Z,3748,40274,3768,39.0
28030,7.7862,2026-08-18T09:21:58.751000Z,3748,40304,3770,39.0
28060,7.7945,2026-08-18T09:22:28.752000Z,3748,40334,3770,39.0
28090,7.8028,2026-08-18T09:22:58.752000Z,3748,40364,3767,39.0
28120,7.8112,2026-08-18T09:23:28.752000Z,3743,40394,3767,38.6
28150,7.8195,2026-08-18T09:23:58.752000Z,3748,40424,3767,38.6
28180,7.8278,2026-08-18T09:24:28.753000Z,3748,40454,3766,38.6
28210,7.8362,2026-08-18T09:24:58.754000Z,3748,40484,3766,38.6
28240,7.8445,2026-08-18T09:25:28.753000Z,3748,40514,3766,38.3
28270,7.8528,2026-08-18T09:25:58.753000Z,3743,40544,3766,38.3
28300,7.8612,2026-08-18T09:26:28.753000Z,3748,40574,3765,38.3
28330,7.8695,2026-08-18T09:26:58.754000Z,3743,40604,3765,38.3
28360,7.8778,2026-08-18T09:27:28.754000Z,3743,40634,3765,38.3
28390,7.8862,2026-08-18T09:27:58.754000Z,3743,40664,3765,37.9
28420,7.8945,2026-08-18T09:28:28.754000Z,3743,40694,3765,37.9
28450,7.9028,2026-08-18T09:28:58.754000Z,3743,40724,3765,37.9
28480,7.9112,2026-08-18T09:29:28.754000Z,3743,40754,3765,37.9
28510,7.9195,2026-08-18T09:29:58.755000Z,3743,40784,3765,37.9
28540,7.9278,2026-08-18T09:30:28.755000Z,3743,40814,3763,37.5
28570,7.9362,2026-08-18T09:30:58.754000Z,3743,40844,3763,37.5
28600,7.9445,2026-08-18T09:31:28.755000Z,3743,40874,3763,37.5
28630,7.9528,2026-08-18T09:31:58.755000Z,3743,40904,3763,37.5
28660,7.9612,2026-08-18T09:32:28.755000Z,3743,40934,3761,37.2
28690,7.9695,2026-08-18T09:32:58.755000Z,3743,40964,3761,37.2
28720,7.9778,2026-08-18T09:33:28.755000Z,3743,40994,3762,37.2
28750,7.9862,2026-08-18T09:33:58.756000Z,3743,41024,3763,37.2
28780,7.9945,2026-08-18T09:34:28.756000Z,3743,41054,3763,37.2
28810,8.0028,2026-08-18T09:34:58.756000Z,3743,41084,3761,36.8
28840,8.0112,2026-08-18T09:35:28.756000Z,3738,41114,3760,36.8
28870,8.0195,2026-08-18T09:35:58.757000Z,3738,41144,3760,36.8
28900,8.0278,2026-08-18T09:36:28.756000Z,3738,41174,3761,36.8
28930,8.0362,2026-08-18T09:36:58.757000Z,3743,41204,3761,36.5
28960,8.0445,2026-08-18T09:37:28.757000Z,3738,41234,3761,36.5
28990,8.0528,2026-08-18T09:37:58.757000Z,3738,41264,3757,36.5
29020,8.0612,2026-08-18T09:38:28.757000Z,3738,41294,3758,36.5
29050,8.0695,2026-08-18T09:38:58.757000Z,3738,41324,3758,36.5
29080,8.0778,2026-08-18T09:39:28.758000Z,3738,41354,3757,36.1
29110,8.0862,2026-08-18T09:39:58.758000Z,3738,41384,3760,36.1
29140,8.0945,2026-08-18T09:40:28.758000Z,3738,41414,3760,36.1
29170,8.1028,2026-08-18T09:40:58.758000Z,3738,41444,3760,36.1
29200,8.1112,2026-08-18T09:41:28.758000Z,3738,41474,3756,36.1
29230,8.1195,2026-08-18T09:41:58.759000Z,3738,41504,3756,35.7
29260,8.1278,2026-08-18T09:42:28.759000Z,3738,41534,3756,35.7
29290,8.1362,2026-08-18T09:42:58.759000Z,3738,41564,3757,35.7
29320,8.1445,2026-08-18T09:43:28.759000Z,3733,41594,3757,35.7
29350,8.1528,2026-08-18T09:43:58.759000Z,3733,41624,3756,35.4
29380,8.1612,2026-08-18T09:44:28.759000Z,3733,41654,3755,35.4
29410,8.1695,2026-08-18T09:44:58.759000Z,3733,41684,3755,35.4
29440,8.1778,2026-08-18T09:45:28.759000Z,3733,41714,3756,35.4
29470,8.1862,2026-08-18T09:45:58.759000Z,3733,41744,3755,35.4
29501,8.1948,2026-08-18T09:46:29.847000Z,3728,41775,3755,35.0
29531,8.2031,2026-08-18T09:46:59.848000Z,3733,41805,3756,35.0
29561,8.2115,2026-08-18T09:47:29.848000Z,3738,41835,3753,35.0
29591,8.2198,2026-08-18T09:47:59.848000Z,3733,41865,3753,35.0
29621,8.2281,2026-08-18T09:48:29.849000Z,3728,41895,3755,34.6
29651,8.2365,2026-08-18T09:48:59.849000Z,3728,41925,3752,34.6
29681,8.2448,2026-08-18T09:49:29.848000Z,3733,41955,3752,34.6
29711,8.2531,2026-08-18T09:49:59.849000Z,3728,41985,3752,34.6
29741,8.2615,2026-08-18T09:50:29.849000Z,3733,42015,3753,34.6
29771,8.2698,2026-08-18T09:50:59.849000Z,3728,42045,3753,34.6
29801,8.2781,2026-08-18T09:51:29.849000Z,3728,42075,3751,34.2
29831,8.2865,2026-08-18T09:51:59.849000Z,3728,42105,3751,34.2
29861,8.2948,2026-08-18T09:52:29.850000Z,3728,42135,3751,34.2
29891,8.3031,2026-08-18T09:52:59.850000Z,3728,42165,3751,34.2
29921,8.3115,2026-08-18T09:53:29.850000Z,3728,42195,3750,34.2
29951,8.3198,2026-08-18T09:53:59.850000Z,3728,42225,3750,33.8
29981,8.3281,2026-08-18T09:54:29.850000Z,3728,42255,3750,33.8
30011,8.3365,2026-08-18T09:54:59.850000Z,3728,42285,3748,33.8
30041,8.3448,2026-08-18T09:55:29.850000Z,3728,42315,3748,33.8
30071,8.3531,2026-08-18T09:55:59.851000Z,3728,42345,3750,33.8
30101,8.3615,2026-08-18T09:56:29.851000Z,3728,42375,3748,33.8
30131,8.3698,2026-08-18T09:56:59.850000Z,3728,42405,3748,33.4
30161,8.3781,2026-08-18T09:57:29.851000Z,3724,42435,3748,33.4
30191,8.3865,2026-08-18T09:57:59.852000Z,3728,42465,3748,33.4
30221,8.3948,2026-08-18T09:58:29.852000Z,3728,42495,3748,33.4
30251,8.4031,2026-08-18T09:58:59.852000Z,3728,42525,3747,32.9
30281,8.4115,2026-08-18T09:59:29.852000Z,3724,42555,3746,32.9
30311,8.4198,2026-08-18T09:59:59.852000Z,3724,42585,3746,32.9
30341,8.4281,2026-08-18T10:00:29.852000Z,3724,42615,3746,32.9
30371,8.4365,2026-08-18T10:00:59.852000Z,3724,42645,3747,32.9
30401,8.4448,2026-08-18T10:01:29.852000Z,3724,42675,3747,32.5
30431,8.4531,2026-08-18T10:01:59.853000Z,3724,42705,3745,32.5
30461,8.4615,2026-08-18T10:02:29.853000Z,3724,42735,3746,32.5
30491,8.4698,2026-08-18T10:02:59.853000Z,3724,42765,3746,32.5
30521,8.4781,2026-08-18T10:03:29.853000Z,3724,42795,3745,32.5
30551,8.4865,2026-08-18T10:03:59.853000Z,3724,42825,3743,32.5
30581,8.4948,2026-08-18T10:04:29.853000Z,3724,42855,3743,32.1
30611,8.5031,2026-08-18T10:04:59.854000Z,3724,42885,3745,32.1
30641,8.5115,2026-08-18T10:05:29.854000Z,3724,42915,3745,32.1
30671,8.5198,2026-08-18T10:05:59.854000Z,3724,42945,3745,32.1
30701,8.5281,2026-08-18T10:06:29.854000Z,3724,42975,3742,32.1
30731,8.5365,2026-08-18T10:06:59.854000Z,3724,43005,3741,31.6
30761,8.5448,2026-08-18T10:07:29.854000Z,3724,43035,3741,31.6
30791,8.5531,2026-08-18T10:07:59.855000Z,3719,43065,3742,31.6
30821,8.5615,2026-08-18T10:08:29.855000Z,3719,43095,3741,31.6
30851,8.5698,2026-08-18T10:08:59.855000Z,3724,43125,3741,31.6
30881,8.5781,2026-08-18T10:09:29.855000Z,3719,43155,3741,31.2
30911,8.5865,2026-08-18T10:09:59.855000Z,3719,43185,3741,31.2
30941,8.5948,2026-08-18T10:10:29.855000Z,3719,43215,3741,31.2
30971,8.6031,2026-08-18T10:10:59.855000Z,3719,43245,3740,31.2
31001,8.6115,2026-08-18T10:11:29.855000Z,3719,43275,3741,31.2
31031,8.6198,2026-08-18T10:11:59.856000Z,3719,43305,3741,30.8
31061,8.6281,2026-08-18T10:12:29.856000Z,3714,43335,3738,30.8
31091,8.6365,2026-08-18T10:12:59.856000Z,3719,43365,3736,30.8
31121,8.6448,2026-08-18T10:13:29.857000Z,3719,43395,3736,30.8
31151,8.6531,2026-08-18T10:13:59.857000Z,3719,43425,3737,30.8
31181,8.6615,2026-08-18T10:14:29.857000Z,3714,43455,3737,30.4
31211,8.6698,2026-08-18T10:14:59.857000Z,3719,43485,3737,30.4
31241,8.6781,2026-08-18T10:15:29.857000Z,3714,43515,3737,30.4
31271,8.6865,2026-08-18T10:15:59.857000Z,3709,43545,3736,30.4
31301,8.6948,2026-08-18T10:16:29.857000Z,3714,43575,3736,30.4
31331,8.7031,2026-08-18T10:16:59.858000Z,3714,43605,3735,29.9
31361,8.7115,2026-08-18T10:17:29.858000Z,3714,43635,3736,29.9
31391,8.7198,2026-08-18T10:17:59.858000Z,3714,43665,3736,29.9
31421,8.7281,2026-08-18T10:18:29.858000Z,3714,43695,3735,29.9
31451,8.7365,2026-08-18T10:18:59.858000Z,3714,43725,3735,29.9
31481,8.7448,2026-08-18T10:19:29.858000Z,3709,43755,3735,29.5
31511,8.7531,2026-08-18T10:19:59.858000Z,3714,43785,3735,29.5
31541,8.7615,2026-08-18T10:20:29.859000Z,3714,43815,3735,29.5
31571,8.7698,2026-08-18T10:20:59.859000Z,3709,43845,3735,29.5
31601,8.7781,2026-08-18T10:21:29.859000Z,3704,43875,3733,29.1
31631,8.7865,2026-08-18T10:21:59.859000Z,3704,43905,3732,29.1
31661,8.7948,2026-08-18T10:22:29.859000Z,3704,43935,3732,29.1
31691,8.8031,2026-08-18T10:22:59.860000Z,3704,43965,3732,29.1
31721,8.8115,2026-08-18T10:23:29.860000Z,3704,43995,3732,29.1
31751,8.8198,2026-08-18T10:23:59.860000Z,3704,44025,3732,28.6
31781,8.8281,2026-08-18T10:24:29.860000Z,3704,44055,3731,28.6
31811,8.8365,2026-08-18T10:24:59.860000Z,3704,44085,3731,28.6
31841,8.8448,2026-08-18T10:25:29.860000Z,3704,44115,3731,28.6
31871,8.8531,2026-08-18T10:25:59.861000Z,3704,44145,3731,28.6
31901,8.8615,2026-08-18T10:26:29.860000Z,3704,44175,3732,28.2
31931,8.8698,2026-08-18T10:26:59.861000Z,3704,44205,3732,28.2
31961,8.8781,2026-08-18T10:27:29.861000Z,3704,44235,3731,28.2
31991,8.8865,2026-08-18T10:27:59.861000Z,3704,44265,3728,28.2
32021,8.8948,2026-08-18T10:28:29.861000Z,3704,44295,3728,27.8
32051,8.9031,2026-08-18T10:28:59.861000Z,3699,44325,3731,27.8
32081,8.9115,2026-08-18T10:29:29.862000Z,3699,44355,3727,27.8
32111,8.9198,2026-08-18T10:29:59.862000Z,3699,44385,3727,27.8
32141,8.9281,2026-08-18T10:30:29.862000Z,3699,44415,3727,27.8
32171,8.9365,2026-08-18T10:30:59.862000Z,3699,44445,3728,27.8
32201,8.9448,2026-08-18T10:31:29.862000Z,3699,44475,3728,27.3
32231,8.9531,2026-08-18T10:31:59.862000Z,3699,44505,3728,27.3
32261,8.9615,2026-08-18T10:32:29.862000Z,3699,44535,3726,27.3
32291,8.9698,2026-08-18T10:32:59.862000Z,3699,44565,3726,27.3
32321,8.9781,2026-08-18T10:33:29.863000Z,3699,44595,3725,26.9
32351,8.9865,2026-08-18T10:33:59.863000Z,3699,44625,3725,26.9
32381,8.9948,2026-08-18T10:34:29.863000Z,3699,44655,3725,26.9
32411,9.0032,2026-08-18T10:34:59.864000Z,3699,44685,3725,26.9
32441,9.0115,2026-08-18T10:35:29.864000Z,3699,44715,3726,26.5
32471,9.0198,2026-08-18T10:35:59.864000Z,3699,44745,3726,26.5
32501,9.0282,2026-08-18T10:36:29.864000Z,3699,44775,3723,26.5
32531,9.0365,2026-08-18T10:36:59.864000Z,3699,44805,3723,26.5
32561,9.0448,2026-08-18T10:37:29.864000Z,3694,44835,3723,26.5
32591,9.0532,2026-08-18T10:37:59.864000Z,3694,44865,3723,26.5
32621,9.0615,2026-08-18T10:38:29.865000Z,3694,44895,3723,26.1
32651,9.0698,2026-08-18T10:38:59.865000Z,3694,44925,3723,26.1
32681,9.0782,2026-08-18T10:39:29.865000Z,3694,44955,3722,26.1
32711,9.0865,2026-08-18T10:39:59.865000Z,3694,44985,3722,26.1
32741,9.0948,2026-08-18T10:40:29.865000Z,3694,45015,3722,25.6
32771,9.1032,2026-08-18T10:40:59.866000Z,3694,45045,3721,25.6
32801,9.1115,2026-08-18T10:41:29.866000Z,3694,45075,3722,25.6
32831,9.1198,2026-08-18T10:41:59.866000Z,3694,45105,3722,25.6
32861,9.1283,2026-08-18T10:42:30.416000Z,3694,45136,3721,25.6
32891,9.1366,2026-08-18T10:43:00.416000Z,3694,45166,3721,25.2
32921,9.1450,2026-08-18T10:43:30.416000Z,3694,45196,3721,25.2
32952,9.1534,2026-08-18T10:44:00.848000Z,3689,45226,3720,25.2
32982,9.1618,2026-08-18T10:44:30.848000Z,3689,45256,3720,25.2
33012,9.1701,2026-08-18T10:45:00.848000Z,3689,45286,3720,24.8
33042,9.1784,2026-08-18T10:45:30.848000Z,3694,45316,3718,24.8
33072,9.1868,2026-08-18T10:46:00.848000Z,3689,45346,3720,24.8
33102,9.1951,2026-08-18T10:46:30.848000Z,3689,45376,3720,24.8
33132,9.2034,2026-08-18T10:47:00.849000Z,3689,45406,3718,24.8
33162,9.2118,2026-08-18T10:47:30.849000Z,3689,45436,3717,24.8
33192,9.2201,2026-08-18T10:48:00.849000Z,3689,45466,3717,24.3
33222,9.2284,2026-08-18T10:48:30.849000Z,3689,45496,3718,24.3
33252,9.2368,2026-08-18T10:49:00.849000Z,3689,45526,3715,24.3
33282,9.2451,2026-08-18T10:49:30.849000Z,3689,45556,3715,24.3
33312,9.2534,2026-08-18T10:50:00.849000Z,3689,45586,3716,23.9
33342,9.2618,2026-08-18T10:50:30.850000Z,3689,45616,3717,23.9
33372,9.2701,2026-08-18T10:51:00.850000Z,3689,45646,3717,23.9
33402,9.2784,2026-08-18T10:51:30.850000Z,3689,45676,3713,23.9
33432,9.2868,2026-08-18T10:52:00.850000Z,3689,45706,3713,23.5
33462,9.2951,2026-08-18T10:52:30.850000Z,3684,45736,3713,23.5
33492,9.3034,2026-08-18T10:53:00.851000Z,3689,45766,3713,23.5
33522,9.3118,2026-08-18T10:53:30.851000Z,3689,45796,3713,23.5
33552,9.3201,2026-08-18T10:54:00.851000Z,3684,45826,3712,23.5
33582,9.3284,2026-08-18T10:54:30.852000Z,3684,45856,3712,23.0
33612,9.3368,2026-08-18T10:55:00.850000Z,3689,45886,3712,23.0
33642,9.3451,2026-08-18T10:55:30.851000Z,3684,45916,3712,23.0
33672,9.3534,2026-08-18T10:56:00.851000Z,3684,45946,3712,23.0
33702,9.3618,2026-08-18T10:56:30.852000Z,3684,45976,3712,22.6
33732,9.3701,2026-08-18T10:57:00.851000Z,3684,46006,3712,22.6
33762,9.3784,2026-08-18T10:57:30.852000Z,3684,46036,3712,22.6
33792,9.3868,2026-08-18T10:58:00.852000Z,3684,46066,3710,22.6
33822,9.3951,2026-08-18T10:58:30.852000Z,3684,46096,3708,22.2
33852,9.4034,2026-08-18T10:59:00.853000Z,3684,46126,3708,22.2
33882,9.4118,2026-08-18T10:59:30.853000Z,3684,46156,3710,22.2
33912,9.4201,2026-08-18T11:00:00.853000Z,3684,46186,3710,22.2
33942,9.4284,2026-08-18T11:00:30.853000Z,3679,46216,3710,22.2
33972,9.4368,2026-08-18T11:01:00.853000Z,3679,46246,3705,21.8
34002,9.4451,2026-08-18T11:01:30.853000Z,3679,46276,3708,21.8
34032,9.4534,2026-08-18T11:02:00.854000Z,3679,46306,3708,21.8
34062,9.4618,2026-08-18T11:02:30.854000Z,3679,46336,3706,21.8
34092,9.4701,2026-08-18T11:03:00.854000Z,3679,46366,3705,21.3
34122,9.4786,2026-08-18T11:03:31.437000Z,3679,46397,3705,21.3
34152,9.4869,2026-08-18T11:04:01.436000Z,3679,46427,3706,21.3
34182,9.4953,2026-08-18T11:04:31.437000Z,3679,46457,3707,21.3
34212,9.5036,2026-08-18T11:05:01.436000Z,3679,46487,3707,21.3
34242,9.5119,2026-08-18T11:05:31.437000Z,3679,46517,3705,20.9
34272,9.5203,2026-08-18T11:06:01.437000Z,3679,46547,3703,20.9
34302,9.5286,2026-08-18T11:06:31.437000Z,3675,46577,3703,20.9
34332,9.5369,2026-08-18T11:07:01.437000Z,3675,46607,3703,20.9
34362,9.5453,2026-08-18T11:07:31.438000Z,3679,46637,3703,20.5
34392,9.5536,2026-08-18T11:08:01.438000Z,3675,46667,3703,20.5
34422,9.5619,2026-08-18T11:08:31.438000Z,3679,46697,3705,20.5
34452,9.5703,2026-08-18T11:09:01.438000Z,3675,46727,3703,20.5
34482,9.5786,2026-08-18T11:09:31.438000Z,3675,46757,3703,20.0
34512,9.5869,2026-08-18T11:10:01.438000Z,3675,46787,3702,20.0
34542,9.5953,2026-08-18T11:10:31.438000Z,3675,46817,3702,20.0
34572,9.6036,2026-08-18T11:11:01.439000Z,3675,46847,3702,19.8
34602,9.6119,2026-08-18T11:11:31.439000Z,3675,46877,3700,19.8
34632,9.6203,2026-08-18T11:12:01.439000Z,3675,46907,3701,19.8
34662,9.6286,2026-08-18T11:12:31.439000Z,3675,46937,3701,19.5
34692,9.6369,2026-08-18T11:13:01.439000Z,3675,46967,3700,19.5
34722,9.6453,2026-08-18T11:13:31.439000Z,3675,46997,3701,19.3
34752,9.6536,2026-08-18T11:14:01.439000Z,3675,47027,3701,19.3
34782,9.6619,2026-08-18T11:14:31.440000Z,3675,47057,3698,19.3
34812,9.6703,2026-08-18T11:15:01.440000Z,3675,47087,3698,19.0
34842,9.6786,2026-08-18T11:15:31.440000Z,3670,47117,3698,19.0
34872,9.6869,2026-08-18T11:16:01.440000Z,3675,47147,3698,19.0
34902,9.6953,2026-08-18T11:16:31.440000Z,3670,47177,3698,18.7
34932,9.7036,2026-08-18T11:17:01.440000Z,3670,47207,3698,18.7
34962,9.7119,2026-08-18T11:17:31.440000Z,3670,47237,3698,18.7
34992,9.7203,2026-08-18T11:18:01.441000Z,3675,47267,3697,18.5
35022,9.7286,2026-08-18T11:18:31.441000Z,3670,47297,3697,18.5
35052,9.7369,2026-08-18T11:19:01.441000Z,3670,47327,3697,18.2
35082,9.7453,2026-08-18T11:19:31.441000Z,3670,47357,3697,18.2
35112,9.7536,2026-08-18T11:20:01.441000Z,3670,47387,3697,18.2
35142,9.7619,2026-08-18T11:20:31.442000Z,3670,47417,3695,18.0
35172,9.7703,2026-08-18T11:21:01.442000Z,3670,47447,3695,18.0
35202,9.7786,2026-08-18T11:21:31.441000Z,3670,47477,3695,18.0
35232,9.7869,2026-08-18T11:22:01.442000Z,3670,47507,3695,17.7
35262,9.7953,2026-08-18T11:22:31.442000Z,3670,47537,3693,17.7
35292,9.8036,2026-08-18T11:23:01.443000Z,3670,47567,3693,17.7
35322,9.8119,2026-08-18T11:23:31.442000Z,3670,47597,3693,17.5
35352,9.8203,2026-08-18T11:24:01.443000Z,3670,47627,3693,17.5
35382,9.8286,2026-08-18T11:24:31.443000Z,3665,47657,3693,17.5
35412,9.8369,2026-08-18T11:25:01.443000Z,3665,47687,3692,17.2
35442,9.8453,2026-08-18T11:25:31.443000Z,3665,47717,3691,17.2
35472,9.8536,2026-08-18T11:26:01.444000Z,3665,47747,3691,16.9
35502,9.8619,2026-08-18T11:26:31.444000Z,3665,47777,3690,16.9
35532,9.8703,2026-08-18T11:27:01.444000Z,3665,47807,3691,16.9
35562,9.8786,2026-08-18T11:27:31.444000Z,3665,47837,3691,16.9
35592,9.8869,2026-08-18T11:28:01.444000Z,3665,47867,3691,16.7
35622,9.8953,2026-08-18T11:28:31.444000Z,3665,47897,3690,16.7
35652,9.9036,2026-08-18T11:29:01.444000Z,3665,47927,3690,16.4
35682,9.9119,2026-08-18T11:29:31.445000Z,3665,47957,3691,16.4
35712,9.9203,2026-08-18T11:30:01.445000Z,3665,47987,3688,16.4
35742,9.9286,2026-08-18T11:30:31.445000Z,3665,48017,3688,16.2
35772,9.9369,2026-08-18T11:31:01.445000Z,3665,48047,3688,16.2
35802,9.9453,2026-08-18T11:31:31.445000Z,3665,48077,3688,16.2
35832,9.9536,2026-08-18T11:32:01.446000Z,3665,48107,3688,15.9
35862,9.9619,2026-08-18T11:32:31.446000Z,3665,48137,3688,15.9
35893,9.9704,2026-08-18T11:33:02.037000Z,3665,48167,3685,15.9
35923,9.9788,2026-08-18T11:33:32.035000Z,3660,48197,3685,15.6
35953,9.9871,2026-08-18T11:34:02.036000Z,3660,48227,3687,15.6
35983,9.9954,2026-08-18T11:34:32.036000Z,3660,48257,3686,15.6
36013,10.0038,2026-08-18T11:35:02.036000Z,3665,48287,3686,15.4
36043,10.0121,2026-08-18T11:35:32.037000Z,3665,48317,3686,15.4
36073,10.0204,2026-08-18T11:36:02.037000Z,3660,48347,3685,15.4
36103,10.0288,2026-08-18T11:36:32.037000Z,3660,48377,3685,15.4
36133,10.0371,2026-08-18T11:37:02.037000Z,3660,48407,3683,15.1
36163,10.0454,2026-08-18T11:37:32.037000Z,3660,48437,3683,15.1
36193,10.0538,2026-08-18T11:38:02.037000Z,3655,48467,3683,14.9
36223,10.0621,2026-08-18T11:38:32.038000Z,3660,48497,3682,14.9
36253,10.0704,2026-08-18T11:39:02.038000Z,3655,48527,3683,14.9
36283,10.0788,2026-08-18T11:39:32.038000Z,3655,48557,3683,14.9
36313,10.0871,2026-08-18T11:40:02.038000Z,3655,48587,3681,14.6
36343,10.0954,2026-08-18T11:40:32.038000Z,3655,48617,3682,14.6
36373,10.1038,2026-08-18T11:41:02.038000Z,3655,48647,3682,14.3
36403,10.1121,2026-08-18T11:41:32.038000Z,3655,48677,3681,14.3
36433,10.1204,2026-08-18T11:42:02.039000Z,3650,48707,3681,14.3
36463,10.1288,2026-08-18T11:42:32.039000Z,3655,48737,3681,14.3
36493,10.1371,2026-08-18T11:43:02.039000Z,3655,48767,3680,14.1
36523,10.1454,2026-08-18T11:43:32.039000Z,3655,48797,3680,14.1
36553,10.1538,2026-08-18T11:44:02.039000Z,3655,48827,3680,14.1
36583,10.1621,2026-08-18T11:44:32.039000Z,3650,48857,3680,13.8
36613,10.1704,2026-08-18T11:45:02.040000Z,3650,48887,3678,13.8
36643,10.1788,2026-08-18T11:45:32.040000Z,3650,48917,3678,13.8
36673,10.1871,2026-08-18T11:46:02.039000Z,3650,48947,3680,13.6
36703,10.1954,2026-08-18T11:46:32.040000Z,3650,48977,3678,13.6
36733,10.2038,2026-08-18T11:47:02.040000Z,3650,49007,3678,13.6
36763,10.2121,2026-08-18T11:47:32.040000Z,3650,49037,3677,13.3
36793,10.2204,2026-08-18T11:48:02.041000Z,3650,49067,3677,13.3
36823,10.2288,2026-08-18T11:48:32.041000Z,3650,49097,3677,13.3
36853,10.2371,2026-08-18T11:49:02.041000Z,3645,49127,3677,13.1
36883,10.2454,2026-08-18T11:49:32.041000Z,3650,49157,3676,13.1
36913,10.2538,2026-08-18T11:50:02.041000Z,3650,49187,3676,13.1
36943,10.2621,2026-08-18T11:50:32.041000Z,3650,49217,3677,13.1
36973,10.2704,2026-08-18T11:51:02.042000Z,3650,49247,3676,12.8
37003,10.2788,2026-08-18T11:51:32.042000Z,3650,49277,3676,12.8
37033,10.2871,2026-08-18T11:52:02.042000Z,3650,49307,3675,12.8
37063,10.2954,2026-08-18T11:52:32.042000Z,3650,49337,3675,12.5
37093,10.3038,2026-08-18T11:53:02.042000Z,3645,49367,3675,12.5
37123,10.3121,2026-08-18T11:53:32.042000Z,3645,49397,3675,12.5
37153,10.3204,2026-08-18T11:54:02.043000Z,3645,49427,3673,12.3
37183,10.3288,2026-08-18T11:54:32.043000Z,3645,49457,3673,12.3
37213,10.3371,2026-08-18T11:55:02.043000Z,3645,49487,3673,12.3
37243,10.3454,2026-08-18T11:55:32.042000Z,3645,49517,3673,12.3
37273,10.3538,2026-08-18T11:56:02.043000Z,3645,49547,3673,12.0
37303,10.3621,2026-08-18T11:56:32.043000Z,3645,49577,3673,12.0
37333,10.3704,2026-08-18T11:57:02.044000Z,3645,49607,3672,12.0
37363,10.3788,2026-08-18T11:57:32.044000Z,3645,49637,3672,11.8
37393,10.3871,2026-08-18T11:58:02.044000Z,3645,49667,3672,11.8
37423,10.3954,2026-08-18T11:58:32.044000Z,3645,49697,3671,11.8
37453,10.4038,2026-08-18T11:59:02.044000Z,3645,49727,3671,11.5
37483,10.4121,2026-08-18T11:59:32.044000Z,3645,49757,3671,11.5
37513,10.4204,2026-08-18T12:00:02.045000Z,3645,49787,3671,11.5
37543,10.4288,2026-08-18T12:00:32.045000Z,3640,49817,3671,11.5
37573,10.4371,2026-08-18T12:01:02.045000Z,3645,49847,3671,11.2
37603,10.4454,2026-08-18T12:01:32.045000Z,3645,49877,3670,11.2
37633,10.4538,2026-08-18T12:02:02.045000Z,3645,49907,3670,11.2
37663,10.4621,2026-08-18T12:02:32.045000Z,3640,49937,3670,11.2
37693,10.4704,2026-08-18T12:03:02.046000Z,3640,49967,3668,11.0
37723,10.4788,2026-08-18T12:03:32.046000Z,3645,49997,3668,11.0
37753,10.4871,2026-08-18T12:04:02.046000Z,3640,50027,3668,11.0
37783,10.4954,2026-08-18T12:04:32.046000Z,3640,50057,3666,10.7
37813,10.5038,2026-08-18T12:05:02.046000Z,3640,50087,3666,10.7
37843,10.5121,2026-08-18T12:05:32.047000Z,3640,50117,3668,10.7
37873,10.5204,2026-08-18T12:06:02.047000Z,3645,50147,3667,10.5
37903,10.5288,2026-08-18T12:06:32.047000Z,3640,50177,3667,10.5
37933,10.5371,2026-08-18T12:07:02.047000Z,3640,50207,3666,10.5
37963,10.5454,2026-08-18T12:07:32.047000Z,3640,50237,3668,10.5
37993,10.5538,2026-08-18T12:08:02.047000Z,3640,50267,3668,10.2
38023,10.5621,2026-08-18T12:08:32.048000Z,3635,50297,3666,10.2
38053,10.5704,2026-08-18T12:09:02.048000Z,3640,50327,3666,10.2
38083,10.5788,2026-08-18T12:09:32.048000Z,3640,50357,3666,10.2
38113,10.5871,2026-08-18T12:10:02.048000Z,3640,50387,3666,9.9
38143,10.5954,2026-08-18T12:10:32.048000Z,3635,50417,3666,9.9
38173,10.6038,2026-08-18T12:11:02.048000Z,3640,50447,3666,9.9
38203,10.6121,2026-08-18T12:11:32.048000Z,3635,50477,3663,9.9
38233,10.6204,2026-08-18T12:12:02.048000Z,3640,50507,3665,9.7
38263,10.6288,2026-08-18T12:12:32.049000Z,3635,50537,3665,9.7
38293,10.6371,2026-08-18T12:13:02.049000Z,3635,50567,3663,9.7
38323,10.6454,2026-08-18T12:13:32.049000Z,3640,50597,3663,9.4
38353,10.6538,2026-08-18T12:14:02.049000Z,3635,50627,3663,9.4
38383,10.6621,2026-08-18T12:14:32.049000Z,3635,50657,3658,9.4
38413,10.6704,2026-08-18T12:15:02.050000Z,3635,50687,3663,9.2
38443,10.6788,2026-08-18T12:15:32.049000Z,3640,50717,3663,9.2
38473,10.6871,2026-08-18T12:16:02.050000Z,3635,50747,3662,9.2
38503,10.6954,2026-08-18T12:16:32.050000Z,3635,50777,3662,9.2
38533,10.7038,2026-08-18T12:17:02.050000Z,3635,50807,3662,8.9
38563,10.7121,2026-08-18T12:17:32.050000Z,3635,50837,3661,8.9
38593,10.7204,2026-08-18T12:18:02.051000Z,3635,50867,3662,8.9
38623,10.7288,2026-08-18T12:18:32.050000Z,3635,50897,3662,8.9
38653,10.7371,2026-08-18T12:19:02.051000Z,3635,50927,3660,8.7
38683,10.7454,2026-08-18T12:19:32.051000Z,3630,50957,3660,8.7
38713,10.7538,2026-08-18T12:20:02.051000Z,3630,50987,3660,8.5
38743,10.7621,2026-08-18T12:20:32.051000Z,3635,51017,3658,8.5
38773,10.7704,2026-08-18T12:21:02.051000Z,3630,51047,3660,8.4
38803,10.7788,2026-08-18T12:21:32.052000Z,3630,51077,3660,8.4
38833,10.7871,2026-08-18T12:22:02.051000Z,3630,51107,3660,8.3
38863,10.7954,2026-08-18T12:22:32.052000Z,3635,51137,3660,8.3
38893,10.8038,2026-08-18T12:23:02.052000Z,3630,51167,3660,8.2
38923,10.8121,2026-08-18T12:23:32.052000Z,3630,51197,3658,8.2
38953,10.8204,2026-08-18T12:24:02.052000Z,3635,51227,3661,8.0
38983,10.8288,2026-08-18T12:24:32.053000Z,3630,51257,3661,8.0
39013,10.8371,2026-08-18T12:25:02.053000Z,3630,51287,3660,7.9
39043,10.8454,2026-08-18T12:25:32.053000Z,3630,51317,3657,7.9
39073,10.8538,2026-08-18T12:26:02.053000Z,3630,51347,3657,7.9
39103,10.8621,2026-08-18T12:26:32.053000Z,3630,51377,3657,7.8
39133,10.8704,2026-08-18T12:27:02.053000Z,3630,51407,3657,7.8
39163,10.8788,2026-08-18T12:27:32.054000Z,3626,51437,3657,7.7
39193,10.8871,2026-08-18T12:28:02.054000Z,3630,51467,3658,7.7
39223,10.8954,2026-08-18T12:28:32.054000Z,3630,51497,3655,7.5
39253,10.9038,2026-08-18T12:29:02.054000Z,3630,51527,3655,7.5
39283,10.9121,2026-08-18T12:29:32.054000Z,3626,51557,3656,7.5
39313,10.9204,2026-08-18T12:30:02.054000Z,3626,51587,3656,7.4
39343,10.9288,2026-08-18T12:30:32.055000Z,3626,51617,3656,7.4
39373,10.9371,2026-08-18T12:31:02.055000Z,3626,51647,3657,7.3
39404,10.9457,2026-08-18T12:31:33.164000Z,3626,51679,3655,7.3
39434,10.9541,2026-08-18T12:32:03.164000Z,3626,51709,3655,7.3
39464,10.9624,2026-08-18T12:32:33.164000Z,3626,51739,3653,7.2
39494,10.9707,2026-08-18T12:33:03.165000Z,3626,51769,3655,7.2
39524,10.9791,2026-08-18T12:33:33.164000Z,3626,51799,3655,7.2
39555,10.9875,2026-08-18T12:34:03.688000Z,3626,51829,3655,7.1
39587,10.9965,2026-08-18T12:34:35.745000Z,3626,51861,3652,7.1
39617,11.0048,2026-08-18T12:35:05.744000Z,3626,51891,3652,6.9
39647,11.0131,2026-08-18T12:35:35.744000Z,3626,51921,3653,6.9
39677,11.0215,2026-08-18T12:36:05.744000Z,3626,51951,3653,6.9
39707,11.0298,2026-08-18T12:36:35.745000Z,3626,51981,3653,6.9
39737,11.0381,2026-08-18T12:37:05.744000Z,3626,52011,3652,6.8
39767,11.0465,2026-08-18T12:37:35.744000Z,3626,52041,3652,6.8
39797,11.0548,2026-08-18T12:38:05.754000Z,3626,52071,3652,6.7
39827,11.0631,2026-08-18T12:38:35.754000Z,3626,52101,3652,6.7
39857,11.0715,2026-08-18T12:39:05.754000Z,3626,52131,3652,6.7
39887,11.0798,2026-08-18T12:39:35.755000Z,3621,52161,3652,6.7
39917,11.0881,2026-08-18T12:40:05.755000Z,3621,52191,3651,6.6
39947,11.0965,2026-08-18T12:40:35.754000Z,3626,52221,3652,6.6
39977,11.1048,2026-08-18T12:41:05.755000Z,3621,52251,3652,6.6
40007,11.1131,2026-08-18T12:41:35.755000Z,3626,52281,3651,6.4
40037,11.1215,2026-08-18T12:42:05.755000Z,3621,52311,3651,6.4
40067,11.1298,2026-08-18T12:42:35.756000Z,3626,52341,3651,6.4
40097,11.1381,2026-08-18T12:43:05.756000Z,3621,52371,3651,6.3
40127,11.1465,2026-08-18T12:43:35.756000Z,3621,52401,3650,6.3
40157,11.1548,2026-08-18T12:44:05.756000Z,3621,52431,3650,6.3
40187,11.1631,2026-08-18T12:44:35.756000Z,3621,52461,3650,6.3
40217,11.1715,2026-08-18T12:45:05.756000Z,3621,52491,3650,6.2
40247,11.1798,2026-08-18T12:45:35.756000Z,3621,52521,3650,6.2
40277,11.1881,2026-08-18T12:46:05.756000Z,3621,52551,3648,6.2
40307,11.1965,2026-08-18T12:46:35.757000Z,3621,52581,3646,6.2
40337,11.2048,2026-08-18T12:47:05.757000Z,3621,52611,3646,6.1
40367,11.2131,2026-08-18T12:47:35.758000Z,3621,52641,3647,6.1
40397,11.2215,2026-08-18T12:48:05.757000Z,3621,52671,3648,6.1
40427,11.2298,2026-08-18T12:48:35.757000Z,3621,52701,3648,5.9
40457,11.2381,2026-08-18T12:49:05.757000Z,3621,52731,3643,5.9
40487,11.2465,2026-08-18T12:49:35.758000Z,3621,52761,3647,5.9
40517,11.2548,2026-08-18T12:50:05.757000Z,3621,52791,3647,5.9
40547,11.2631,2026-08-18T12:50:35.758000Z,3616,52821,3648,5.9
40577,11.2715,2026-08-18T12:51:05.758000Z,3621,52851,3646,5.9
40607,11.2798,2026-08-18T12:51:35.759000Z,3621,52881,3646,5.8
40637,11.2881,2026-08-18T12:52:05.759000Z,3621,52911,3647,5.8
40667,11.2965,2026-08-18T12:52:35.758000Z,3616,52941,3647,5.8
40697,11.3048,2026-08-18T12:53:05.759000Z,3621,52971,3647,5.8
40727,11.3131,2026-08-18T12:53:35.759000Z,3616,53001,3647,5.7
40757,11.3215,2026-08-18T12:54:05.759000Z,3616,53031,3646,5.7
40787,11.3298,2026-08-18T12:54:35.759000Z,3616,53061,3646,5.7
40817,11.3381,2026-08-18T12:55:05.760000Z,3621,53091,3645,5.6
40847,11.3465,2026-08-18T12:55:35.760000Z,3621,53121,3646,5.6
40877,11.3548,2026-08-18T12:56:05.760000Z,3616,53151,3646,5.6
40907,11.3631,2026-08-18T12:56:35.760000Z,3616,53181,3646,5.6
40937,11.3715,2026-08-18T12:57:05.760000Z,3616,53211,3645,5.5
40967,11.3798,2026-08-18T12:57:35.761000Z,3616,53241,3645,5.5
40997,11.3881,2026-08-18T12:58:05.760000Z,3616,53271,3643,5.5
41027,11.3965,2026-08-18T12:58:35.761000Z,3616,53301,3643,5.5
41057,11.4048,2026-08-18T12:59:05.761000Z,3616,53331,3643,5.4
41087,11.4131,2026-08-18T12:59:35.761000Z,3616,53361,3645,5.4
41117,11.4215,2026-08-18T13:00:05.761000Z,3616,53391,3643,5.4
41147,11.4298,2026-08-18T13:00:35.761000Z,3616,53421,3643,5.4
41177,11.4381,2026-08-18T13:01:05.762000Z,3616,53451,3643,5.4
41207,11.4465,2026-08-18T13:01:35.762000Z,3616,53481,3645,5.4
41237,11.4548,2026-08-18T13:02:05.762000Z,3616,53511,3645,5.4
41267,11.4631,2026-08-18T13:02:35.762000Z,3616,53541,3642,5.4
41297,11.4715,2026-08-18T13:03:05.762000Z,3616,53571,3643,5.4
41327,11.4798,2026-08-18T13:03:35.762000Z,3616,53601,3643,5.3
41357,11.4881,2026-08-18T13:04:05.763000Z,3616,53631,3641,5.3
41387,11.4965,2026-08-18T13:04:35.763000Z,3611,53661,3643,5.3
41417,11.5048,2026-08-18T13:05:05.763000Z,3616,53691,3643,5.3
41447,11.5131,2026-08-18T13:05:35.763000Z,3616,53721,3641,5.3
41477,11.5215,2026-08-18T13:06:05.763000Z,3611,53751,3642,5.2
41507,11.5298,2026-08-18T13:06:35.764000Z,3611,53781,3642,5.2
41537,11.5381,2026-08-18T13:07:05.763000Z,3616,53811,3641,5.2
41567,11.5465,2026-08-18T13:07:35.764000Z,3616,53841,3641,5.2
41597,11.5548,2026-08-18T13:08:05.764000Z,3611,53871,3641,5.1
41627,11.5631,2026-08-18T13:08:35.764000Z,3611,53901,3641,5.1
41657,11.5715,2026-08-18T13:09:05.764000Z,3616,53931,3641,5.1
41687,11.5798,2026-08-18T13:09:35.765000Z,3611,53961,3641,5.1
41717,11.5881,2026-08-18T13:10:05.765000Z,3611,53991,3641,5.1
41747,11.5965,2026-08-18T13:10:35.765000Z,3606,54021,3641,5.1
41777,11.6048,2026-08-18T13:11:05.764000Z,3611,54051,3641,5.0
41807,11.6131,2026-08-18T13:11:35.765000Z,3606,54081,3640,5.0
41837,11.6215,2026-08-18T13:12:05.765000Z,3611,54111,3637,5.0
41867,11.6298,2026-08-18T13:12:35.765000Z,3611,54141,3637,5.0
41897,11.6381,2026-08-18T13:13:05.765000Z,3606,54171,3638,5.0
41927,11.6465,2026-08-18T13:13:35.766000Z,3606,54201,3638,4.9
41957,11.6548,2026-08-18T13:14:05.766000Z,3606,54231,3638,4.9
41987,11.6631,2026-08-18T13:14:35.766000Z,3616,54261,3638,4.9
42017,11.6715,2026-08-18T13:15:05.766000Z,3606,54291,3638,4.9
42047,11.6798,2026-08-18T13:15:35.766000Z,3601,54321,3638,4.9
42077,11.6881,2026-08-18T13:16:05.767000Z,3606,54351,3638,4.8
42107,11.6965,2026-08-18T13:16:35.767000Z,3601,54381,3638,4.8
42137,11.7048,2026-08-18T13:17:05.767000Z,3606,54411,3638,4.8
42167,11.7131,2026-08-18T13:17:35.767000Z,3606,54441,3637,4.8
42197,11.7215,2026-08-18T13:18:05.767000Z,3606,54471,3638,4.8
42227,11.7298,2026-08-18T13:18:35.767000Z,3601,54501,3638,4.8
42257,11.7381,2026-08-18T13:19:05.767000Z,3601,54531,3637,4.8
42287,11.7465,2026-08-18T13:19:35.768000Z,3601,54561,3637,4.8
42317,11.7548,2026-08-18T13:20:05.768000Z,3606,54591,3637,4.8
42347,11.7631,2026-08-18T13:20:35.768000Z,3606,54621,3637,4.8
42377,11.7716,2026-08-18T13:21:06.245000Z,3606,54652,3636,4.8
42407,11.7799,2026-08-18T13:21:36.245000Z,3601,54682,3636,4.8
42437,11.7883,2026-08-18T13:22:06.245000Z,3601,54712,3636,4.7
42467,11.7966,2026-08-18T13:22:36.246000Z,3601,54742,3636,4.7
42497,11.8049,2026-08-18T13:23:06.246000Z,3601,54772,3636,4.7
42527,11.8133,2026-08-18T13:23:36.246000Z,3601,54802,3635,4.7
42557,11.8216,2026-08-18T13:24:06.246000Z,3601,54832,3635,4.7
42587,11.8299,2026-08-18T13:24:36.246000Z,3601,54862,3635,4.7
42617,11.8383,2026-08-18T13:25:06.246000Z,3601,54892,3635,4.6
42647,11.8466,2026-08-18T13:25:36.247000Z,3601,54922,3636,4.6
42677,11.8549,2026-08-18T13:26:06.247000Z,3601,54952,3636,4.6
42707,11.8633,2026-08-18T13:26:36.247000Z,3601,54982,3635,4.6
42737,11.8716,2026-08-18T13:27:06.247000Z,3601,55012,3636,4.6
42767,11.8799,2026-08-18T13:27:36.247000Z,3601,55042,3636,4.6
42797,11.8883,2026-08-18T13:28:06.247000Z,3596,55072,3633,4.6
42827,11.8966,2026-08-18T13:28:36.247000Z,3596,55102,3635,4.6
42857,11.9049,2026-08-18T13:29:06.248000Z,3601,55132,3635,4.5
42887,11.9133,2026-08-18T13:29:36.248000Z,3601,55162,3635,4.5
42917,11.9216,2026-08-18T13:30:06.248000Z,3596,55192,3632,4.5
42947,11.9299,2026-08-18T13:30:36.248000Z,3596,55222,3632,4.5
42977,11.9383,2026-08-18T13:31:06.248000Z,3601,55252,3635,4.5
43007,11.9466,2026-08-18T13:31:36.249000Z,3601,55282,3632,4.5
43037,11.9549,2026-08-18T13:32:06.249000Z,3596,55312,3632,4.4
43067,11.9633,2026-08-18T13:32:36.249000Z,3601,55342,3632,4.4
43097,11.9716,2026-08-18T13:33:06.249000Z,3596,55372,3632,4.4
43127,11.9799,2026-08-18T13:33:36.250000Z,3596,55402,3632,4.4
43157,11.9883,2026-08-18T13:34:06.250000Z,3596,55432,3633,4.4
43187,11.9966,2026-08-18T13:34:36.250000Z,3596,55462,3633,4.4
43217,12.0049,2026-08-18T13:35:06.250000Z,3596,55492,3633,4.4
43247,12.0133,2026-08-18T13:35:36.250000Z,3596,55522,3632,4.4
43277,12.0216,2026-08-18T13:36:06.250000Z,3596,55552,3631,4.3
43307,12.0299,2026-08-18T13:36:36.250000Z,3596,55582,3631,4.3
43337,12.0383,2026-08-18T13:37:06.250000Z,3596,55612,3631,4.3
43367,12.0466,2026-08-18T13:37:36.250000Z,3596,55642,3631,4.3
43397,12.0549,2026-08-18T13:38:06.251000Z,3596,55672,3631,4.3
43427,12.0633,2026-08-18T13:38:36.251000Z,3596,55702,3632,4.3
43457,12.0716,2026-08-18T13:39:06.251000Z,3596,55732,3630,4.3
43487,12.0799,2026-08-18T13:39:36.251000Z,3596,55762,3630,4.2
43517,12.0883,2026-08-18T13:40:06.251000Z,3596,55792,3631,4.2
43547,12.0966,2026-08-18T13:40:36.252000Z,3596,55822,3630,4.2
43577,12.1049,2026-08-18T13:41:06.251000Z,3596,55852,3630,4.2
43607,12.1133,2026-08-18T13:41:36.252000Z,3596,55882,3630,4.2
43637,12.1216,2026-08-18T13:42:06.252000Z,3596,55912,3630,4.2
43667,12.1299,2026-08-18T13:42:36.252000Z,3596,55942,3630,4.2
43697,12.1383,2026-08-18T13:43:06.253000Z,3596,55972,3631,4.2
43727,12.1466,2026-08-18T13:43:36.253000Z,3591,56002,3631,4.2
43757,12.1549,2026-08-18T13:44:06.253000Z,3596,56032,3631,4.2
43787,12.1633,2026-08-18T13:44:36.253000Z,3596,56062,3628,4.2
43817,12.1716,2026-08-18T13:45:06.253000Z,3596,56092,3630,4.2
43847,12.1799,2026-08-18T13:45:36.253000Z,3596,56122,3630,4.2
43877,12.1883,2026-08-18T13:46:06.254000Z,3596,56152,3630,4.2
43907,12.1966,2026-08-18T13:46:36.254000Z,3596,56182,3628,4.2
43937,12.2049,2026-08-18T13:47:06.254000Z,3596,56212,3628,4.2
43967,12.2133,2026-08-18T13:47:36.254000Z,3596,56242,3627,4.1
43997,12.2216,2026-08-18T13:48:06.254000Z,3596,56272,3630,4.1
44027,12.2299,2026-08-18T13:48:36.254000Z,3596,56302,3628,4.1
44057,12.2383,2026-08-18T13:49:06.255000Z,3596,56332,3628,4.1
44087,12.2466,2026-08-18T13:49:36.254000Z,3596,56362,3625,4.1
44117,12.2549,2026-08-18T13:50:06.255000Z,3596,56392,3628,4.1
44147,12.2633,2026-08-18T13:50:36.255000Z,3596,56422,3628,4.1
44177,12.2716,2026-08-18T13:51:06.255000Z,3596,56452,3627,4.0
44207,12.2799,2026-08-18T13:51:36.255000Z,3596,56482,3627,4.0
44237,12.2883,2026-08-18T13:52:06.255000Z,3591,56512,3627,4.0
44267,12.2966,2026-08-18T13:52:36.255000Z,3596,56542,3627,4.0
44297,12.3049,2026-08-18T13:53:06.256000Z,3596,56572,3626,4.0
44327,12.3133,2026-08-18T13:53:36.256000Z,3596,56602,3626,4.0
44357,12.3216,2026-08-18T13:54:06.256000Z,3596,56632,3627,4.0
44387,12.3299,2026-08-18T13:54:36.256000Z,3591,56662,3628,4.0
44417,12.3383,2026-08-18T13:55:06.256000Z,3591,56692,3628,3.9
44447,12.3466,2026-08-18T13:55:36.257000Z,3591,56722,3626,3.9
44477,12.3549,2026-08-18T13:56:06.257000Z,3591,56752,3627,3.9
44507,12.3633,2026-08-18T13:56:36.257000Z,3591,56782,3627,3.9
44537,12.3716,2026-08-18T13:57:06.257000Z,3591,56812,3625,3.9
44567,12.3799,2026-08-18T13:57:36.258000Z,3591,56842,3626,3.9
44597,12.3883,2026-08-18T13:58:06.258000Z,3591,56872,3626,3.9
44627,12.3966,2026-08-18T13:58:36.258000Z,3591,56902,3626,3.9
44657,12.4049,2026-08-18T13:59:06.258000Z,3591,56932,3625,3.9
44687,12.4133,2026-08-18T13:59:36.258000Z,3591,56962,3625,3.8
44717,12.4216,2026-08-18T14:00:06.258000Z,3591,56992,3626,3.8
44747,12.4299,2026-08-18T14:00:36.258000Z,3591,57022,3625,3.8
44777,12.4383,2026-08-18T14:01:06.259000Z,3591,57052,3625,3.8
44807,12.4466,2026-08-18T14:01:36.259000Z,3591,57082,3623,3.8
44837,12.4549,2026-08-18T14:02:06.259000Z,3591,57112,3623,3.8
44867,12.4633,2026-08-18T14:02:36.259000Z,3591,57142,3623,3.8
44897,12.4716,2026-08-18T14:03:06.259000Z,3591,57172,3623,3.8
44927,12.4799,2026-08-18T14:03:36.259000Z,3591,57202,3626,3.7
44957,12.4883,2026-08-18T14:04:06.259000Z,3591,57232,3626,3.7
44987,12.4966,2026-08-18T14:04:36.260000Z,3591,57262,3622,3.7
45017,12.5049,2026-08-18T14:05:06.260000Z,3591,57292,3622,3.7
45047,12.5133,2026-08-18T14:05:36.260000Z,3591,57322,3622,3.7
45077,12.5216,2026-08-18T14:06:06.260000Z,3586,57352,3623,3.7
45107,12.5299,2026-08-18T14:06:36.261000Z,3591,57382,3623,3.7
45137,12.5383,2026-08-18T14:07:06.260000Z,3591,57412,3623,3.7
45167,12.5466,2026-08-18T14:07:36.260000Z,3591,57442,3623,3.7
45197,12.5549,2026-08-18T14:08:06.261000Z,3586,57472,3622,3.7
45227,12.5633,2026-08-18T14:08:36.261000Z,3586,57502,3622,3.7
45257,12.5716,2026-08-18T14:09:06.261000Z,3591,57532,3622,3.7
45287,12.5799,2026-08-18T14:09:36.261000Z,3586,57562,3623,3.7
45317,12.5883,2026-08-18T14:10:06.262000Z,3591,57592,3623,3.7
45347,12.5966,2026-08-18T14:10:36.262000Z,3591,57622,3623,3.7
45377,12.6049,2026-08-18T14:11:06.262000Z,3591,57652,3622,3.7
45407,12.6133,2026-08-18T14:11:36.262000Z,3591,57682,3622,3.7
45437,12.6216,2026-08-18T14:12:06.262000Z,3586,57712,3621,3.7
45467,12.6299,2026-08-18T14:12:36.262000Z,3591,57742,3621,3.6
45497,12.6383,2026-08-18T14:13:06.262000Z,3591,57772,3621,3.6
45527,12.6466,2026-08-18T14:13:36.262000Z,3591,57802,3618,3.6
45557,12.6549,2026-08-18T14:14:06.263000Z,3586,57832,3621,3.6
45587,12.6633,2026-08-18T14:14:36.263000Z,3586,57862,3621,3.6
45617,12.6716,2026-08-18T14:15:06.263000Z,3591,57892,3621,3.6
45647,12.6799,2026-08-18T14:15:36.263000Z,3591,57922,3621,3.6
45677,12.6883,2026-08-18T14:16:06.263000Z,3586,57952,3621,3.6
45707,12.6966,2026-08-18T14:16:36.264000Z,3586,57982,3620,3.5
45737,12.7049,2026-08-18T14:17:06.264000Z,3586,58012,3620,3.5
45767,12.7133,2026-08-18T14:17:36.264000Z,3586,58042,3620,3.5
45797,12.7216,2026-08-18T14:18:06.264000Z,3586,58072,3621,3.5
45827,12.7299,2026-08-18T14:18:36.264000Z,3586,58102,3618,3.5
45857,12.7383,2026-08-18T14:19:06.264000Z,3586,58132,3618,3.5
45887,12.7466,2026-08-18T14:19:36.265000Z,3586,58162,3620,3.5
45917,12.7549,2026-08-18T14:20:06.265000Z,3586,58192,3618,3.5
45947,12.7633,2026-08-18T14:20:36.265000Z,3586,58222,3618,3.4
45977,12.7716,2026-08-18T14:21:06.265000Z,3586,58252,3621,3.4
46007,12.7799,2026-08-18T14:21:36.265000Z,3586,58282,3620,3.4
46037,12.7883,2026-08-18T14:22:06.265000Z,3586,58312,3620,3.4
46067,12.7966,2026-08-18T14:22:36.266000Z,3586,58342,3618,3.4
46097,12.8049,2026-08-18T14:23:06.266000Z,3586,58372,3618,3.4
46127,12.8133,2026-08-18T14:23:36.266000Z,3586,58402,3618,3.4
46157,12.8216,2026-08-18T14:24:06.266000Z,3586,58432,3618,3.4
46187,12.8299,2026-08-18T14:24:36.266000Z,3586,58462,3618,3.4
46217,12.8383,2026-08-18T14:25:06.267000Z,3586,58492,3618,3.4
46247,12.8466,2026-08-18T14:25:36.267000Z,3586,58522,3618,3.3
46277,12.8549,2026-08-18T14:26:06.267000Z,3586,58552,3618,3.3
46307,12.8633,2026-08-18T14:26:36.267000Z,3586,58582,3618,3.3
46337,12.8716,2026-08-18T14:27:06.267000Z,3586,58612,3617,3.3
46367,12.8799,2026-08-18T14:27:36.268000Z,3586,58642,3617,3.3
46397,12.8883,2026-08-18T14:28:06.267000Z,3586,58672,3617,3.3
46427,12.8966,2026-08-18T14:28:36.268000Z,3586,58702,3617,3.3
46457,12.9049,2026-08-18T14:29:06.267000Z,3586,58732,3618,3.3
46487,12.9133,2026-08-18T14:29:36.268000Z,3586,58762,3618,3.3
46517,12.9216,2026-08-18T14:30:06.268000Z,3586,58792,3618,3.3
46547,12.9299,2026-08-18T14:30:36.269000Z,3586,58822,3616,3.2
46577,12.9383,2026-08-18T14:31:06.269000Z,3586,58852,3616,3.2
46607,12.9466,2026-08-18T14:31:36.269000Z,3586,58882,3617,3.2
46637,12.9549,2026-08-18T14:32:06.269000Z,3586,58912,3618,3.2
46667,12.9633,2026-08-18T14:32:36.269000Z,3586,58942,3618,3.2
46697,12.9716,2026-08-18T14:33:06.270000Z,3586,58972,3618,3.2
46727,12.9799,2026-08-18T14:33:36.269000Z,3586,59002,3618,3.2
46757,12.9883,2026-08-18T14:34:06.269000Z,3581,59032,3618,3.2
46787,12.9966,2026-08-18T14:34:36.270000Z,3586,59062,3616,3.2
46817,13.0049,2026-08-18T14:35:06.270000Z,3586,59092,3616,3.2
46847,13.0133,2026-08-18T14:35:36.270000Z,3581,59122,3616,3.2
46877,13.0216,2026-08-18T14:36:06.270000Z,3581,59152,3617,3.2
46907,13.0299,2026-08-18T14:36:36.271000Z,3586,59182,3615,3.1
46937,13.0383,2026-08-18T14:37:06.270000Z,3581,59212,3615,3.1
46967,13.0466,2026-08-18T14:37:36.271000Z,3586,59242,3615,3.1
47598,13.2217,2026-08-18T14:48:06.634000Z,3577,59872,3615,3.0
47628,13.2300,2026-08-18T14:48:36.634000Z,3581,59902,3612,3.0
47658,13.2384,2026-08-18T14:49:06.634000Z,3581,59932,3612,3.0
47688,13.2467,2026-08-18T14:49:36.635000Z,3581,59962,3612,3.0
47718,13.2550,2026-08-18T14:50:06.635000Z,3581,59992,3611,3.0
47748,13.2634,2026-08-18T14:50:36.635000Z,3581,60022,3611,3.0
47778,13.2717,2026-08-18T14:51:06.635000Z,3581,60052,3613,2.9
47808,13.2800,2026-08-18T14:51:36.635000Z,3581,60082,3612,2.9
47838,13.2884,2026-08-18T14:52:06.636000Z,3581,60112,3612,2.9
47868,13.2967,2026-08-18T14:52:36.636000Z,3581,60142,3611,2.9
47898,13.3050,2026-08-18T14:53:06.636000Z,3581,60172,3610,2.9
47928,13.3134,2026-08-18T14:53:36.636000Z,3577,60202,3610,2.9
47958,13.3217,2026-08-18T14:54:06.636000Z,3577,60232,3612,2.9
47988,13.3300,2026-08-18T14:54:36.636000Z,3577,60262,3611,2.9
48018,13.3384,2026-08-18T14:55:06.636000Z,3577,60292,3611,2.9
48048,13.3467,2026-08-18T14:55:36.636000Z,3581,60322,3611,2.8
48078,13.3550,2026-08-18T14:56:06.637000Z,3577,60352,3611,2.8
48108,13.3634,2026-08-18T14:56:36.637000Z,3577,60382,3611,2.8
48138,13.3717,2026-08-18T14:57:06.637000Z,3577,60412,3611,2.8
48168,13.3800,2026-08-18T14:57:36.637000Z,3577,60442,3612,2.8
48198,13.3884,2026-08-18T14:58:06.637000Z,3577,60472,3612,2.8
48228,13.3967,2026-08-18T14:58:36.637000Z,3577,60502,3612,2.8
48258,13.4050,2026-08-18T14:59:06.637000Z,3577,60532,3610,2.8
48288,13.4134,2026-08-18T14:59:36.638000Z,3577,60562,3610,2.8
48318,13.4217,2026-08-18T15:00:06.638000Z,3577,60592,3610,2.8
48348,13.4300,2026-08-18T15:00:36.638000Z,3577,60622,3608,2.8
48378,13.4384,2026-08-18T15:01:06.638000Z,3577,60652,3608,2.8
48408,13.4467,2026-08-18T15:01:36.638000Z,3577,60682,3610,2.7
48438,13.4550,2026-08-18T15:02:06.639000Z,3577,60712,3611,2.7
48468,13.4634,2026-08-18T15:02:36.639000Z,3577,60742,3611,2.7
48498,13.4717,2026-08-18T15:03:06.639000Z,3577,60772,3611,2.7
48528,13.4800,2026-08-18T15:03:36.639000Z,3577,60802,3610,2.7
48558,13.4884,2026-08-18T15:04:06.639000Z,3577,60832,3610,2.7
48588,13.4967,2026-08-18T15:04:36.639000Z,3577,60862,3608,2.7
48618,13.5050,2026-08-18T15:05:06.639000Z,3577,60892,3608,2.7
48648,13.5134,2026-08-18T15:05:36.640000Z,3577,60922,3608,2.7
48678,13.5217,2026-08-18T15:06:06.640000Z,3577,60952,3607,2.7
48708,13.5300,2026-08-18T15:06:36.640000Z,3572,60982,3608,2.6
48738,13.5384,2026-08-18T15:07:06.640000Z,3577,61012,3608,2.6
48768,13.5467,2026-08-18T15:07:36.640000Z,3577,61042,3610,2.6
48798,13.5550,2026-08-18T15:08:06.641000Z,3577,61072,3608,2.6
48828,13.5634,2026-08-18T15:08:36.641000Z,3577,61102,3608,2.6
48858,13.5717,2026-08-18T15:09:06.641000Z,3577,61132,3607,2.6
48888,13.5800,2026-08-18T15:09:36.641000Z,3572,61162,3610,2.6
48918,13.5884,2026-08-18T15:10:06.641000Z,3577,61192,3610,2.6
48948,13.5967,2026-08-18T15:10:36.642000Z,3577,61222,3608,2.6
48978,13.6050,2026-08-18T15:11:06.642000Z,3577,61252,3610,2.6
49008,13.6134,2026-08-18T15:11:36.641000Z,3577,61282,3610,2.6
49038,13.6217,2026-08-18T15:12:06.642000Z,3572,61312,3607,2.6
49068,13.6300,2026-08-18T15:12:36.642000Z,3572,61342,3606,2.6
49098,13.6384,2026-08-18T15:13:06.642000Z,3572,61372,3606,2.5
49128,13.6467,2026-08-18T15:13:36.643000Z,3577,61402,3606,2.5
49158,13.6550,2026-08-18T15:14:06.643000Z,3577,61432,3605,2.5
49188,13.6634,2026-08-18T15:14:36.643000Z,3572,61462,3605,2.5
49218,13.6717,2026-08-18T15:15:06.643000Z,3577,61492,3607,2.5
49248,13.6800,2026-08-18T15:15:36.643000Z,3572,61522,3607,2.5
49278,13.6884,2026-08-18T15:16:06.644000Z,3577,61552,3607,2.5
49308,13.6967,2026-08-18T15:16:36.644000Z,3572,61582,3607,2.5
49338,13.7050,2026-08-18T15:17:06.644000Z,3577,61612,3606,2.5
49368,13.7134,2026-08-18T15:17:36.644000Z,3572,61642,3606,2.5
49398,13.7217,2026-08-18T15:18:06.644000Z,3572,61672,3607,2.5
49428,13.7300,2026-08-18T15:18:36.644000Z,3577,61702,3606,2.5
49458,13.7384,2026-08-18T15:19:06.644000Z,3572,61732,3606,2.5
49488,13.7467,2026-08-18T15:19:36.645000Z,3572,61762,3607,2.5
49518,13.7550,2026-08-18T15:20:06.645000Z,3572,61792,3606,2.5
49548,13.7634,2026-08-18T15:20:36.645000Z,3572,61822,3606,2.5
49578,13.7717,2026-08-18T15:21:06.645000Z,3577,61852,3607,2.5
49608,13.7800,2026-08-18T15:21:36.645000Z,3572,61882,3606,2.5
49638,13.7884,2026-08-18T15:22:06.645000Z,3572,61912,3606,2.5
49668,13.7967,2026-08-18T15:22:36.646000Z,3572,61942,3605,2.5
49698,13.8050,2026-08-18T15:23:06.646000Z,3572,61972,3603,2.5
49728,13.8134,2026-08-18T15:23:36.646000Z,3572,62002,3603,2.4
49758,13.8217,2026-08-18T15:24:06.646000Z,3572,62032,3606,2.4
49788,13.8300,2026-08-18T15:24:36.646000Z,3572,62062,3605,2.4
49818,13.8384,2026-08-18T15:25:06.647000Z,3572,62092,3605,2.4
49848,13.8467,2026-08-18T15:25:36.647000Z,3572,62122,3606,2.4
49878,13.8550,2026-08-18T15:26:06.647000Z,3572,62152,3606,2.4
49908,13.8634,2026-08-18T15:26:36.647000Z,3572,62182,3606,2.4
49938,13.8717,2026-08-18T15:27:06.647000Z,3572,62212,3603,2.4
49968,13.8800,2026-08-18T15:27:36.647000Z,3572,62242,3603,2.4
49998,13.8884,2026-08-18T15:28:06.647000Z,3572,62272,3603,2.4
50028,13.8967,2026-08-18T15:28:36.647000Z,3572,62302,3603,2.3
50058,13.9050,2026-08-18T15:29:06.648000Z,3572,62332,3602,2.3
50088,13.9134,2026-08-18T15:29:36.648000Z,3572,62362,3602,2.3
50118,13.9217,2026-08-18T15:30:06.648000Z,3572,62392,3602,2.3
50148,13.9300,2026-08-18T15:30:36.648000Z,3572,62422,3605,2.3
50178,13.9384,2026-08-18T15:31:06.648000Z,3572,62452,3605,2.3
50208,13.9467,2026-08-18T15:31:36.649000Z,3572,62482,3603,2.3
50238,13.9550,2026-08-18T15:32:06.649000Z,3572,62512,3602,2.3
50268,13.9634,2026-08-18T15:32:36.649000Z,3572,62542,3602,2.3
50298,13.9717,2026-08-18T15:33:06.649000Z,3572,62572,3601,2.3
50328,13.9800,2026-08-18T15:33:36.649000Z,3572,62602,3602,2.3
50358,13.9884,2026-08-18T15:34:06.649000Z,3572,62632,3602,2.3
50390,13.9974,2026-08-18T15:34:39.196000Z,3572,62664,3602,2.3
50420,14.0057,2026-08-18T15:35:09.196000Z,3572,62694,3602,2.3
50450,14.0141,2026-08-18T15:35:39.197000Z,3572,62724,3602,2.3
50480,14.0224,2026-08-18T15:36:09.197000Z,3567,62754,3602,2.3
50510,14.0307,2026-08-18T15:36:39.197000Z,3572,62784,3602,2.3
50540,14.0391,2026-08-18T15:37:09.197000Z,3572,62814,3602,2.3
50570,14.0474,2026-08-18T15:37:39.197000Z,3567,62844,3602,2.3
50600,14.0557,2026-08-18T15:38:09.198000Z,3567,62874,3603,2.3
50630,14.0641,2026-08-18T15:38:39.198000Z,3567,62904,3603,2.3
50660,14.0724,2026-08-18T15:39:09.198000Z,3567,62934,3602,2.3
50690,14.0807,2026-08-18T15:39:39.198000Z,3572,62964,3605,2.3
50720,14.0891,2026-08-18T15:40:09.198000Z,3567,62994,3605,2.3
50750,14.0974,2026-08-18T15:40:39.198000Z,3567,63024,3601,2.3
50780,14.1057,2026-08-18T15:41:09.199000Z,3567,63054,3602,2.3
50810,14.1141,2026-08-18T15:41:39.198000Z,3567,63084,3602,2.3
50840,14.1224,2026-08-18T15:42:09.199000Z,3567,63114,3600,2.3
50870,14.1307,2026-08-18T15:42:39.198000Z,3567,63144,3601,2.3
50900,14.1391,2026-08-18T15:43:09.199000Z,3567,63174,3601,2.3
50930,14.1474,2026-08-18T15:43:39.200000Z,3567,63204,3601,2.3
50960,14.1557,2026-08-18T15:44:09.200000Z,3567,63234,3601,2.3
50990,14.1641,2026-08-18T15:44:39.199000Z,3567,63264,3601,2.3
51020,14.1724,2026-08-18T15:45:09.199000Z,3572,63294,3601,2.3
51050,14.1807,2026-08-18T15:45:39.199000Z,3567,63324,3598,2.3
51080,14.1891,2026-08-18T15:46:09.200000Z,3567,63354,3598,2.3
51110,14.1974,2026-08-18T15:46:39.201000Z,3567,63384,3600,2.3
51140,14.2057,2026-08-18T15:47:09.200000Z,3567,63414,3600,2.3
51170,14.2141,2026-08-18T15:47:39.200000Z,3567,63444,3600,2.3
51200,14.2224,2026-08-18T15:48:09.200000Z,3567,63474,3600,2.3
51230,14.2307,2026-08-18T15:48:39.200000Z,3567,63504,3601,2.3
51260,14.2391,2026-08-18T15:49:09.201000Z,3567,63534,3601,2.3
51290,14.2474,2026-08-18T15:49:39.201000Z,3567,63564,3600,2.3
51320,14.2557,2026-08-18T15:50:09.201000Z,3567,63594,3598,2.3
51350,14.2641,2026-08-18T15:50:39.201000Z,3567,63624,3598,2.3
51380,14.2724,2026-08-18T15:51:09.201000Z,3567,63654,3600,2.3
51410,14.2807,2026-08-18T15:51:39.201000Z,3567,63684,3600,2.3
51440,14.2891,2026-08-18T15:52:09.202000Z,3567,63714,3600,2.3
51470,14.2974,2026-08-18T15:52:39.202000Z,3567,63744,3597,2.3
51500,14.3057,2026-08-18T15:53:09.202000Z,3567,63774,3598,2.3
51530,14.3141,2026-08-18T15:53:39.203000Z,3567,63804,3598,2.3
51560,14.3224,2026-08-18T15:54:09.207000Z,3567,63834,3598,2.3
51590,14.3307,2026-08-18T15:54:39.203000Z,3567,63864,3596,2.3
51620,14.3391,2026-08-18T15:55:09.204000Z,3567,63894,3596,2.3
51650,14.3474,2026-08-18T15:55:39.203000Z,3567,63924,3597,2.3
51680,14.3557,2026-08-18T15:56:09.203000Z,3567,63954,3598,2.3
51710,14.3641,2026-08-18T15:56:39.203000Z,3567,63984,3598,2.3
51740,14.3724,2026-08-18T15:57:09.204000Z,3567,64014,3598,2.3
51770,14.3807,2026-08-18T15:57:39.203000Z,3567,64044,3598,2.3
51800,14.3891,2026-08-18T15:58:09.204000Z,3567,64074,3598,2.3
51830,14.3974,2026-08-18T15:58:39.203000Z,3567,64104,3597,2.3
51860,14.4057,2026-08-18T15:59:09.204000Z,3567,64134,3598,2.2
51890,14.4141,2026-08-18T15:59:39.204000Z,3567,64164,3598,2.2
51920,14.4224,2026-08-18T16:00:09.205000Z,3562,64194,3596,2.2
51950,14.4307,2026-08-18T16:00:39.204000Z,3567,64224,3597,2.2
51980,14.4391,2026-08-18T16:01:09.205000Z,3567,64254,3597,2.2
52010,14.4474,2026-08-18T16:01:39.205000Z,3567,64284,3595,2.2
52040,14.4557,2026-08-18T16:02:09.205000Z,3567,64314,3597,2.2
52070,14.4641,2026-08-18T16:02:39.205000Z,3567,64344,3597,2.2
52100,14.4724,2026-08-18T16:03:09.205000Z,3567,64374,3596,2.2
52130,14.4807,2026-08-18T16:03:39.205000Z,3562,64404,3597,2.2
52160,14.4891,2026-08-18T16:04:09.205000Z,3567,64434,3597,2.2
52190,14.4974,2026-08-18T16:04:39.206000Z,3567,64464,3596,2.2
52220,14.5057,2026-08-18T16:05:09.206000Z,3567,64494,3597,2.2
52250,14.5141,2026-08-18T16:05:39.206000Z,3567,64524,3597,2.2
52280,14.5224,2026-08-18T16:06:09.206000Z,3567,64554,3596,2.2
52310,14.5307,2026-08-18T16:06:39.207000Z,3567,64584,3596,2.2
52340,14.5391,2026-08-18T16:07:09.207000Z,3567,64614,3596,2.2
52370,14.5474,2026-08-18T16:07:39.207000Z,3562,64644,3596,2.2
52400,14.5557,2026-08-18T16:08:09.207000Z,3567,64674,3595,2.2
52430,14.5641,2026-08-18T16:08:39.207000Z,3562,64704,3595,2.2
52460,14.5724,2026-08-18T16:09:09.207000Z,3567,64734,3595,2.2
52490,14.5807,2026-08-18T16:09:39.207000Z,3567,64764,3595,2.2
52520,14.5891,2026-08-18T16:10:09.207000Z,3567,64794,3595,2.2
52550,14.5974,2026-08-18T16:10:39.208000Z,3562,64824,3597,2.2
52580,14.6057,2026-08-18T16:11:09.207000Z,3567,64854,3593,2.2
52610,14.6141,2026-08-18T16:11:39.208000Z,3567,64884,3593,2.2
52640,14.6224,2026-08-18T16:12:09.209000Z,3567,64914,3593,2.2
52670,14.6307,2026-08-18T16:12:39.208000Z,3567,64944,3595,2.2
52700,14.6391,2026-08-18T16:13:09.208000Z,3562,64974,3595,2.2
52730,14.6474,2026-08-18T16:13:39.209000Z,3562,65004,3593,2.2
52760,14.6557,2026-08-18T16:14:09.209000Z,3562,65034,3595,2.2
52790,14.6641,2026-08-18T16:14:39.209000Z,3567,65064,3595,2.2
52820,14.6724,2026-08-18T16:15:09.209000Z,3562,65094,3595,2.2
52850,14.6807,2026-08-18T16:15:39.209000Z,3567,65124,3593,2.2
52880,14.6891,2026-08-18T16:16:09.209000Z,3562,65154,3593,2.2
52910,14.6974,2026-08-18T16:16:39.210000Z,3562,65184,3591,2.2
52940,14.7057,2026-08-18T16:17:09.210000Z,3562,65214,3595,2.2
52970,14.7141,2026-08-18T16:17:39.210000Z,3562,65244,3595,2.2
53000,14.7224,2026-08-18T16:18:09.210000Z,3562,65274,3596,2.2
53030,14.7307,2026-08-18T16:18:39.210000Z,3562,65304,3593,2.2
53060,14.7391,2026-08-18T16:19:09.210000Z,3562,65334,3593,2.2
53090,14.7474,2026-08-18T16:19:39.210000Z,3562,65364,3593,2.2
53120,14.7557,2026-08-18T16:20:09.211000Z,3562,65394,3593,2.2
53150,14.7641,2026-08-18T16:20:39.211000Z,3562,65424,3593,2.2
53180,14.7724,2026-08-18T16:21:09.211000Z,3562,65454,3592,2.2
53210,14.7807,2026-08-18T16:21:39.211000Z,3562,65484,3592,2.2
53240,14.7891,2026-08-18T16:22:09.211000Z,3562,65514,3592,2.2
53270,14.7974,2026-08-18T16:22:39.211000Z,3562,65544,3593,2.2
53300,14.8057,2026-08-18T16:23:09.212000Z,3562,65574,3592,2.2
53330,14.8141,2026-08-18T16:23:39.212000Z,3562,65604,3592,2.2
53360,14.8224,2026-08-18T16:24:09.212000Z,3562,65634,3591,2.2
53390,14.8307,2026-08-18T16:24:39.212000Z,3567,65664,3591,2.2
53420,14.8391,2026-08-18T16:25:09.212000Z,3567,65694,3591,2.2
53450,14.8474,2026-08-18T16:25:39.213000Z,3562,65724,3592,2.2
53480,14.8557,2026-08-18T16:26:09.213000Z,3562,65754,3591,2.2
53510,14.8641,2026-08-18T16:26:39.213000Z,3562,65784,3591,2.2
53540,14.8724,2026-08-18T16:27:09.213000Z,3562,65814,3592,2.2
53570,14.8807,2026-08-18T16:27:39.213000Z,3562,65844,3592,2.2
53600,14.8891,2026-08-18T16:28:09.213000Z,3562,65874,3591,2.2
53630,14.8974,2026-08-18T16:28:39.213000Z,3562,65904,3591,2.2
53660,14.9057,2026-08-18T16:29:09.214000Z,3562,65934,3591,2.2
53690,14.9141,2026-08-18T16:29:39.214000Z,3562,65964,3590,2.2
53720,14.9224,2026-08-18T16:30:09.214000Z,3562,65994,3590,2.2
53750,14.9307,2026-08-18T16:30:39.215000Z,3562,66024,3591,2.2
53780,14.9391,2026-08-18T16:31:09.214000Z,3562,66054,3588,2.2
53810,14.9474,2026-08-18T16:31:39.215000Z,3562,66084,3588,2.2
53840,14.9557,2026-08-18T16:32:09.215000Z,3562,66114,3590,2.2
53870,14.9641,2026-08-18T16:32:39.215000Z,3562,66144,3591,2.2
53900,14.9724,2026-08-18T16:33:09.215000Z,3562,66174,3591,2.2
53930,14.9807,2026-08-18T16:33:39.215000Z,3562,66204,3591,2.2
53960,14.9891,2026-08-18T16:34:09.215000Z,3562,66234,3591,2.2
53990,14.9974,2026-08-18T16:34:39.215000Z,3562,66264,3591,2.2
54020,15.0057,2026-08-18T16:35:09.215000Z,3562,66294,3590,2.1
54050,15.0141,2026-08-18T16:35:39.215000Z,3562,66324,3590,2.1
54080,15.0224,2026-08-18T16:36:09.217000Z,3562,66354,3590,2.1
54110,15.0307,2026-08-18T16:36:39.216000Z,3562,66384,3590,2.1
54140,15.0391,2026-08-18T16:37:09.216000Z,3562,66414,3590,2.1
54170,15.0474,2026-08-18T16:37:39.216000Z,3562,66444,3590,2.1
54200,15.0558,2026-08-18T16:38:09.225000Z,3562,66474,3590,2.1
54230,15.0641,2026-08-18T16:38:39.224000Z,3562,66504,3590,2.1
54260,15.0724,2026-08-18T16:39:09.225000Z,3562,66534,3590,2.1
54290,15.0808,2026-08-18T16:39:39.225000Z,3557,66564,3590,2.1
54320,15.0891,2026-08-18T16:40:09.225000Z,3562,66594,3586,2.1
54350,15.0974,2026-08-18T16:40:39.225000Z,3557,66624,3586,2.1
54380,15.1058,2026-08-18T16:41:09.226000Z,3557,66654,3588,2.1
54410,15.1141,2026-08-18T16:41:39.226000Z,3557,66684,3590,2.1
54440,15.1224,2026-08-18T16:42:09.226000Z,3557,66714,3590,2.1
54470,15.1308,2026-08-18T16:42:39.226000Z,3557,66744,3588,2.1
54500,15.1391,2026-08-18T16:43:09.226000Z,3557,66774,3588,2.1
54530,15.1474,2026-08-18T16:43:39.227000Z,3557,66804,3588,2.1
54560,15.1558,2026-08-18T16:44:09.226000Z,3557,66834,3588,2.1
54590,15.1641,2026-08-18T16:44:39.227000Z,3557,66864,3586,2.1
54620,15.1724,2026-08-18T16:45:09.227000Z,3557,66894,3586,2.1
54650,15.1808,2026-08-18T16:45:39.227000Z,3557,66924,3590,2.1
54680,15.1891,2026-08-18T16:46:09.227000Z,3552,66954,3588,2.1
54710,15.1974,2026-08-18T16:46:39.227000Z,3557,66984,3588,2.1
54740,15.2058,2026-08-18T16:47:09.228000Z,3552,67014,3587,2.1
54770,15.2141,2026-08-18T16:47:39.227000Z,3557,67044,3588,2.1
54801,15.2225,2026-08-18T16:48:09.599000Z,3552,67075,3588,2.1
54831,15.2309,2026-08-18T16:48:39.597000Z,3552,67105,3586,2.1
54861,15.2392,2026-08-18T16:49:09.597000Z,3557,67135,3587,2.1
54891,15.2475,2026-08-18T16:49:39.597000Z,3552,67165,3587,2.1
54921,15.2559,2026-08-18T16:50:09.598000Z,3557,67195,3587,2.1
54951,15.2642,2026-08-18T16:50:39.598000Z,3552,67225,3587,2.1
54981,15.2725,2026-08-18T16:51:09.599000Z,3557,67255,3587,2.1
55011,15.2809,2026-08-18T16:51:39.598000Z,3557,67285,3586,2.1
55041,15.2892,2026-08-18T16:52:09.598000Z,3552,67315,3587,2.1
55071,15.2975,2026-08-18T16:52:39.599000Z,3552,67345,3587,2.1
55101,15.3059,2026-08-18T16:53:09.598000Z,3552,67375,3585,2.1
55131,15.3142,2026-08-18T16:53:39.598000Z,3552,67405,3586,2.1
55161,15.3225,2026-08-18T16:54:09.599000Z,3552,67435,3586,2.1
55191,15.3309,2026-08-18T16:54:39.599000Z,3552,67465,3586,2.1
55221,15.3392,2026-08-18T16:55:09.599000Z,3552,67495,3587,2.1
55251,15.3475,2026-08-18T16:55:39.599000Z,3552,67525,3587,2.1
55281,15.3559,2026-08-18T16:56:09.599000Z,3552,67555,3586,2.1
55311,15.3642,2026-08-18T16:56:39.600000Z,3552,67585,3586,2.1
55341,15.3725,2026-08-18T16:57:09.599000Z,3552,67615,3586,2.1
55371,15.3809,2026-08-18T16:57:39.600000Z,3552,67645,3586,2.1
55401,15.3892,2026-08-18T16:58:09.600000Z,3552,67675,3583,2.1
55431,15.3975,2026-08-18T16:58:39.600000Z,3552,67705,3583,2.1
55461,15.4059,2026-08-18T16:59:09.600000Z,3552,67735,3585,2.1
55491,15.4142,2026-08-18T16:59:39.602000Z,3552,67765,3586,2.1
55521,15.4225,2026-08-18T17:00:09.601000Z,3552,67795,3586,2.1
55551,15.4309,2026-08-18T17:00:39.601000Z,3552,67825,3586,2.1
55581,15.4392,2026-08-18T17:01:09.601000Z,3552,67855,3586,2.1
55611,15.4475,2026-08-18T17:01:39.601000Z,3552,67885,3586,2.1
55641,15.4559,2026-08-18T17:02:09.602000Z,3552,67915,3583,2.1
55671,15.4642,2026-08-18T17:02:39.602000Z,3552,67945,3585,2.1
55701,15.4725,2026-08-18T17:03:09.601000Z,3552,67975,3585,2.1
55731,15.4809,2026-08-18T17:03:39.602000Z,3552,68005,3583,2.1
55761,15.4892,2026-08-18T17:04:09.602000Z,3552,68035,3585,2.1
55791,15.4975,2026-08-18T17:04:39.602000Z,3552,68065,3585,2.1
55821,15.5059,2026-08-18T17:05:09.602000Z,3552,68095,3583,2.1
55851,15.5142,2026-08-18T17:05:39.603000Z,3552,68125,3583,2.1
55881,15.5225,2026-08-18T17:06:09.602000Z,3552,68155,3583,2.1
55911,15.5309,2026-08-18T17:06:39.603000Z,3547,68185,3585,2.1
55941,15.5392,2026-08-18T17:07:09.603000Z,3552,68215,3582,2.1
55971,15.5475,2026-08-18T17:07:39.603000Z,3547,68245,3582,2.1
56001,15.5559,2026-08-18T17:08:09.603000Z,3552,68275,3583,2.1
56031,15.5642,2026-08-18T17:08:39.604000Z,3547,68305,3582,2.1
56061,15.5725,2026-08-18T17:09:09.604000Z,3552,68335,3582,2.1
56091,15.5809,2026-08-18T17:09:39.604000Z,3552,68365,3582,2.1
56121,15.5892,2026-08-18T17:10:09.604000Z,3547,68395,3581,2.1
56151,15.5975,2026-08-18T17:10:39.604000Z,3552,68425,3581,2.0
56181,15.6059,2026-08-18T17:11:09.604000Z,3552,68455,3582,2.0
56211,15.6142,2026-08-18T17:11:39.605000Z,3547,68485,3582,2.0
56241,15.6225,2026-08-18T17:12:09.605000Z,3547,68515,3582,2.0
56271,15.6309,2026-08-18T17:12:39.605000Z,3552,68545,3582,2.0
56301,15.6392,2026-08-18T17:13:09.605000Z,3547,68575,3581,2.0
56331,15.6475,2026-08-18T17:13:39.605000Z,3547,68605,3581,2.0
56361,15.6559,2026-08-18T17:14:09.606000Z,3547,68635,3581,2.0
56391,15.6642,2026-08-18T17:14:39.606000Z,3547,68665,3582,2.0
56421,15.6725,2026-08-18T17:15:09.605000Z,3547,68695,3582,2.0
56451,15.6809,2026-08-18T17:15:39.606000Z,3547,68725,3581,2.0
56481,15.6892,2026-08-18T17:16:09.606000Z,3547,68755,3581,2.0
56511,15.6975,2026-08-18T17:16:39.606000Z,3547,68785,3581,2.0
56541,15.7059,2026-08-18T17:17:09.606000Z,3547,68815,3581,2.0
56571,15.7142,2026-08-18T17:17:39.607000Z,3547,68845,3580,2.0
56601,15.7225,2026-08-18T17:18:09.607000Z,3547,68875,3580,2.0
56631,15.7309,2026-08-18T17:18:39.607000Z,3547,68905,3581,2.0
56661,15.7392,2026-08-18T17:19:09.607000Z,3547,68935,3581,2.0
56691,15.7475,2026-08-18T17:19:39.607000Z,3547,68965,3581,2.0
56721,15.7559,2026-08-18T17:20:09.607000Z,3547,68995,3581,2.0
56751,15.7642,2026-08-18T17:20:39.607000Z,3547,69025,3580,2.0
56781,15.7725,2026-08-18T17:21:09.608000Z,3547,69055,3580,2.0
56811,15.7809,2026-08-18T17:21:39.607000Z,3547,69085,3580,2.0
56841,15.7892,2026-08-18T17:22:09.608000Z,3547,69115,3578,2.0
56871,15.7975,2026-08-18T17:22:39.608000Z,3547,69145,3578,2.0
56901,15.8059,2026-08-18T17:23:09.608000Z,3547,69175,3580,2.0
56931,15.8142,2026-08-18T17:23:39.608000Z,3547,69205,3578,2.0
56961,15.8225,2026-08-18T17:24:09.609000Z,3547,69235,3578,2.0
56991,15.8309,2026-08-18T17:24:39.609000Z,3542,69265,3578,2.0
57021,15.8392,2026-08-18T17:25:09.608000Z,3547,69295,3581,2.0
57051,15.8475,2026-08-18T17:25:39.609000Z,3542,69325,3581,2.0
57081,15.8559,2026-08-18T17:26:09.609000Z,3547,69355,3580,2.0
57111,15.8642,2026-08-18T17:26:39.609000Z,3547,69385,3580,2.0
57141,15.8725,2026-08-18T17:27:09.609000Z,3547,69415,3580,2.0
57171,15.8809,2026-08-18T17:27:39.610000Z,3542,69445,3580,2.0
57201,15.8892,2026-08-18T17:28:09.610000Z,3547,69475,3578,2.0
57231,15.8975,2026-08-18T17:28:39.610000Z,3547,69505,3578,2.0
57261,15.9059,2026-08-18T17:29:09.610000Z,3547,69535,3577,2.0
57291,15.9142,2026-08-18T17:29:39.610000Z,3542,69565,3578,2.0
57321,15.9225,2026-08-18T17:30:09.610000Z,3547,69595,3578,2.0
57351,15.9309,2026-08-18T17:30:39.611000Z,3542,69625,3578,2.0
57381,15.9392,2026-08-18T17:31:09.611000Z,3542,69655,3575,2.0
57411,15.9475,2026-08-18T17:31:39.611000Z,3542,69685,3575,2.0
57441,15.9559,2026-08-18T17:32:09.611000Z,3542,69715,3577,2.0
57471,15.9642,2026-08-18T17:32:39.611000Z,3542,69745,3577,2.0
57501,15.9725,2026-08-18T17:33:09.611000Z,3542,69775,3577,2.0
57531,15.9809,2026-08-18T17:33:39.611000Z,3542,69805,3577,2.0
57561,15.9892,2026-08-18T17:34:09.612000Z,3542,69835,3577,2.0
57591,15.9975,2026-08-18T17:34:39.612000Z,3542,69865,3577,2.0
57621,16.0059,2026-08-18T17:35:09.612000Z,3542,69895,3577,2.0
57651,16.0142,2026-08-18T17:35:39.612000Z,3542,69925,3576,2.0
57681,16.0225,2026-08-18T17:36:09.612000Z,3542,69955,3576,2.0
57711,16.0309,2026-08-18T17:36:39.613000Z,3542,69985,3577,2.0
57741,16.0392,2026-08-18T17:37:09.613000Z,3542,70015,3576,2.0
57771,16.0475,2026-08-18T17:37:39.612000Z,3542,70045,3576,2.0
57801,16.0559,2026-08-18T17:38:09.613000Z,3542,70075,3576,2.0
57831,16.0642,2026-08-18T17:38:39.613000Z,3542,70105,3575,2.0
57861,16.0725,2026-08-18T17:39:09.614000Z,3542,70135,3575,2.0
57891,16.0809,2026-08-18T17:39:39.614000Z,3542,70165,3576,2.0
57921,16.0892,2026-08-18T17:40:09.614000Z,3542,70195,3577,2.0
57951,16.0975,2026-08-18T17:40:39.613000Z,3542,70225,3577,2.0
57981,16.1059,2026-08-18T17:41:09.614000Z,3542,70255,3575,2.0
58011,16.1142,2026-08-18T17:41:39.614000Z,3542,70285,3575,2.0
58041,16.1225,2026-08-18T17:42:09.614000Z,3542,70315,3575,2.0
58071,16.1309,2026-08-18T17:42:39.615000Z,3542,70345,3575,2.0
58102,16.1397,2026-08-18T17:43:11.427000Z,3542,70376,3576,2.0
58132,16.1480,2026-08-18T17:43:41.427000Z,3542,70406,3576,2.0
58162,16.1564,2026-08-18T17:44:11.427000Z,3542,70436,3575,1.9
58192,16.1647,2026-08-18T17:44:41.427000Z,3542,70466,3575,1.9
58222,16.1730,2026-08-18T17:45:11.427000Z,3542,70496,3575,1.9
58252,16.1814,2026-08-18T17:45:41.427000Z,3542,70526,3575,1.9
58282,16.1897,2026-08-18T17:46:11.428000Z,3542,70556,3573,1.9
58312,16.1980,2026-08-18T17:46:41.428000Z,3542,70586,3573,1.9
58342,16.2064,2026-08-18T17:47:11.429000Z,3542,70616,3575,1.9
58372,16.2147,2026-08-18T17:47:41.428000Z,3542,70646,3573,1.9
58402,16.2230,2026-08-18T17:48:11.428000Z,3542,70676,3573,1.9
58432,16.2314,2026-08-18T17:48:41.429000Z,3542,70706,3575,1.9
58462,16.2397,2026-08-18T17:49:11.428000Z,3542,70736,3575,1.9
58492,16.2480,2026-08-18T17:49:41.429000Z,3542,70766,3575,1.9
58522,16.2564,2026-08-18T17:50:11.429000Z,3542,70796,3573,1.9
58552,16.2647,2026-08-18T17:50:41.429000Z,3542,70826,3575,1.9
58582,16.2730,2026-08-18T17:51:11.429000Z,3542,70856,3575,1.9
58612,16.2814,2026-08-18T17:51:41.429000Z,3542,70886,3573,1.9
58642,16.2897,2026-08-18T17:52:11.429000Z,3537,70916,3572,1.9
58672,16.2980,2026-08-18T17:52:41.430000Z,3542,70946,3572,1.9
58702,16.3064,2026-08-18T17:53:11.430000Z,3542,70976,3573,1.9
58732,16.3147,2026-08-18T17:53:41.430000Z,3542,71006,3572,1.9
58762,16.3230,2026-08-18T17:54:11.430000Z,3542,71036,3572,1.9
58792,16.3314,2026-08-18T17:54:41.430000Z,3542,71066,3572,1.9
58822,16.3397,2026-08-18T17:55:11.430000Z,3542,71096,3573,1.9
58852,16.3480,2026-08-18T17:55:41.430000Z,3537,71126,3573,1.9
58882,16.3564,2026-08-18T17:56:11.431000Z,3542,71156,3571,1.9
58912,16.3647,2026-08-18T17:56:41.431000Z,3537,71186,3573,1.9
58942,16.3730,2026-08-18T17:57:11.431000Z,3537,71216,3573,1.9
58972,16.3814,2026-08-18T17:57:41.431000Z,3537,71246,3571,1.9
59002,16.3897,2026-08-18T17:58:11.431000Z,3537,71276,3572,1.9
59032,16.3980,2026-08-18T17:58:41.431000Z,3537,71306,3572,1.9
59062,16.4064,2026-08-18T17:59:11.432000Z,3537,71336,3568,1.9
59092,16.4147,2026-08-18T17:59:41.432000Z,3537,71366,3571,1.9
59122,16.4230,2026-08-18T18:00:11.432000Z,3542,71396,3571,1.9
59152,16.4314,2026-08-18T18:00:41.432000Z,3537,71426,3572,1.9
59182,16.4397,2026-08-18T18:01:11.432000Z,3537,71456,3572,1.9
59212,16.4480,2026-08-18T18:01:41.433000Z,3537,71486,3572,1.9
59242,16.4564,2026-08-18T18:02:11.433000Z,3537,71516,3572,1.9
59272,16.4647,2026-08-18T18:02:41.433000Z,3537,71546,3571,1.9
59302,16.4730,2026-08-18T18:03:11.433000Z,3537,71576,3571,1.9
59332,16.4814,2026-08-18T18:03:41.433000Z,3537,71606,3571,1.9
59362,16.4897,2026-08-18T18:04:11.433000Z,3537,71636,3570,1.9
59392,16.4980,2026-08-18T18:04:41.433000Z,3537,71666,3570,1.9
59422,16.5064,2026-08-18T18:05:11.434000Z,3537,71696,3570,1.9
59452,16.5147,2026-08-18T18:05:41.434000Z,3537,71726,3570,1.9
59482,16.5230,2026-08-18T18:06:11.434000Z,3537,71756,3570,1.9
59512,16.5314,2026-08-18T18:06:41.434000Z,3542,71786,3570,1.9
59542,16.5397,2026-08-18T18:07:11.434000Z,3537,71816,3570,1.9
59572,16.5480,2026-08-18T18:07:41.435000Z,3537,71846,3570,1.9
59602,16.5564,2026-08-18T18:08:11.434000Z,3537,71876,3571,1.9
59632,16.5647,2026-08-18T18:08:41.434000Z,3537,71906,3568,1.9
59662,16.5730,2026-08-18T18:09:11.435000Z,3537,71936,3568,1.9
59692,16.5814,2026-08-18T18:09:41.435000Z,3537,71966,3568,1.9
59722,16.5897,2026-08-18T18:10:11.435000Z,3537,71996,3568,1.9
59752,16.5980,2026-08-18T18:10:41.435000Z,3537,72026,3568,1.9
59782,16.6064,2026-08-18T18:11:11.435000Z,3537,72056,3570,1.9
59812,16.6147,2026-08-18T18:11:41.435000Z,3537,72086,3567,1.9
59842,16.6230,2026-08-18T18:12:11.435000Z,3537,72116,3567,1.9
59872,16.6314,2026-08-18T18:12:41.436000Z,3537,72146,3567,1.9
59902,16.6397,2026-08-18T18:13:11.436000Z,3537,72176,3570,1.9
59932,16.6480,2026-08-18T18:13:41.436000Z,3537,72206,3570,1.9
59962,16.6564,2026-08-18T18:14:11.437000Z,3537,72236,3570,1.9
59992,16.6647,2026-08-18T18:14:41.436000Z,3537,72266,3568,1.9
60022,16.6730,2026-08-18T18:15:11.437000Z,3537,72296,3568,1.9
60052,16.6814,2026-08-18T18:15:41.437000Z,3537,72326,3567,1.9
60082,16.6897,2026-08-18T18:16:11.437000Z,3537,72356,3566,1.9
60112,16.6980,2026-08-18T18:16:41.437000Z,3537,72386,3566,1.9
60142,16.7064,2026-08-18T18:17:11.437000Z,3537,72416,3568,1.9
60172,16.7147,2026-08-18T18:17:41.437000Z,3532,72446,3568,1.9
60202,16.7230,2026-08-18T18:18:11.438000Z,3537,72476,3568,1.9
60232,16.7314,2026-08-18T18:18:41.438000Z,3537,72506,3568,1.9
60262,16.7397,2026-08-18T18:19:11.438000Z,3537,72536,3566,1.8
60292,16.7480,2026-08-18T18:19:41.439000Z,3532,72566,3566,1.8
60322,16.7564,2026-08-18T18:20:11.438000Z,3532,72596,3567,1.8
60352,16.7647,2026-08-18T18:20:41.438000Z,3537,72626,3567,1.8
60382,16.7730,2026-08-18T18:21:11.438000Z,3532,72656,3567,1.8
60412,16.7814,2026-08-18T18:21:41.438000Z,3537,72686,3567,1.8
60442,16.7897,2026-08-18T18:22:11.439000Z,3532,72716,3567,1.8
60472,16.7980,2026-08-18T18:22:41.439000Z,3532,72746,3567,1.8
60502,16.8064,2026-08-18T18:23:11.439000Z,3532,72776,3566,1.8
60532,16.8147,2026-08-18T18:23:41.439000Z,3532,72806,3566,1.8
60562,16.8230,2026-08-18T18:24:11.439000Z,3532,72836,3566,1.8
60592,16.8314,2026-08-18T18:24:41.439000Z,3537,72866,3566,1.8
60622,16.8397,2026-08-18T18:25:11.440000Z,3532,72896,3566,1.8
60652,16.8480,2026-08-18T18:25:41.439000Z,3532,72926,3566,1.8
60682,16.8564,2026-08-18T18:26:11.440000Z,3532,72956,3566,1.8
60712,16.8647,2026-08-18T18:26:41.440000Z,3532,72986,3565,1.8
60742,16.8730,2026-08-18T18:27:11.440000Z,3532,73016,3565,1.8
60772,16.8814,2026-08-18T18:27:41.440000Z,3532,73046,3563,1.8
60802,16.8897,2026-08-18T18:28:11.440000Z,3532,73076,3565,1.8
60832,16.8980,2026-08-18T18:28:41.440000Z,3532,73106,3565,1.8
60862,16.9064,2026-08-18T18:29:11.440000Z,3532,73136,3565,1.8
60892,16.9147,2026-08-18T18:29:41.441000Z,3532,73166,3566,1.8
60922,16.9230,2026-08-18T18:30:11.441000Z,3532,73196,3566,1.8
60952,16.9314,2026-08-18T18:30:41.441000Z,3532,73226,3566,1.8
60982,16.9397,2026-08-18T18:31:11.441000Z,3532,73256,3563,1.8
61012,16.9480,2026-08-18T18:31:41.441000Z,3532,73286,3563,1.8
61042,16.9564,2026-08-18T18:32:11.441000Z,3532,73316,3563,1.8
61072,16.9647,2026-08-18T18:32:41.441000Z,3532,73346,3563,1.8
61102,16.9730,2026-08-18T18:33:11.442000Z,3532,73376,3563,1.8
61132,16.9814,2026-08-18T18:33:41.442000Z,3532,73406,3563,1.8
61162,16.9897,2026-08-18T18:34:11.442000Z,3532,73436,3562,1.8
61192,16.9980,2026-08-18T18:34:41.443000Z,3532,73466,3562,1.8
61222,17.0064,2026-08-18T18:35:11.443000Z,3532,73496,3563,1.8
61252,17.0147,2026-08-18T18:35:41.442000Z,3532,73526,3563,1.8
61282,17.0230,2026-08-18T18:36:11.448000Z,3532,73556,3563,1.8
61312,17.0314,2026-08-18T18:36:41.443000Z,3532,73586,3565,1.8
61342,17.0397,2026-08-18T18:37:11.442000Z,3528,73616,3565,1.8
61372,17.0480,2026-08-18T18:37:41.444000Z,3532,73646,3565,1.8
61402,17.0564,2026-08-18T18:38:11.443000Z,3532,73676,3561,1.8
61432,17.0647,2026-08-18T18:38:41.444000Z,3532,73706,3562,1.8
61462,17.0730,2026-08-18T18:39:11.443000Z,3528,73736,3562,1.8
61492,17.0814,2026-08-18T18:39:41.444000Z,3528,73766,3562,1.8
61522,17.0897,2026-08-18T18:40:11.444000Z,3528,73796,3562,1.8
61552,17.0980,2026-08-18T18:40:41.444000Z,3528,73826,3562,1.8
61582,17.1064,2026-08-18T18:41:11.444000Z,3532,73856,3561,1.8
61612,17.1147,2026-08-18T18:41:41.444000Z,3528,73886,3562,1.8
61642,17.1230,2026-08-18T18:42:11.445000Z,3532,73916,3562,1.8
61672,17.1314,2026-08-18T18:42:41.444000Z,3532,73946,3560,1.8
61702,17.1397,2026-08-18T18:43:11.445000Z,3528,73976,3561,1.8
61732,17.1480,2026-08-18T18:43:41.445000Z,3528,74006,3561,1.8
61762,17.1564,2026-08-18T18:44:11.445000Z,3528,74036,3561,1.8
61792,17.1647,2026-08-18T18:44:41.446000Z,3528,74066,3561,1.8
61822,17.1730,2026-08-18T18:45:11.445000Z,3528,74096,3561,1.8
61852,17.1814,2026-08-18T18:45:41.446000Z,3532,74126,3560,1.8
61882,17.1897,2026-08-18T18:46:11.446000Z,3528,74156,3561,1.8
61912,17.1980,2026-08-18T18:46:41.446000Z,3528,74186,3561,1.8
61942,17.2064,2026-08-18T18:47:11.446000Z,3528,74216,3561,1.8
61972,17.2147,2026-08-18T18:47:41.447000Z,3528,74246,3560,1.8
62002,17.2230,2026-08-18T18:48:11.447000Z,3528,74276,3560,1.8
62032,17.2314,2026-08-18T18:48:41.447000Z,3528,74306,3560,1.8
62062,17.2397,2026-08-18T18:49:11.447000Z,3528,74336,3560,1.7
62092,17.2480,2026-08-18T18:49:41.447000Z,3528,74366,3560,1.7
62122,17.2564,2026-08-18T18:50:11.447000Z,3528,74396,3560,1.7
62152,17.2647,2026-08-18T18:50:41.448000Z,3523,74426,3560,1.7
62182,17.2730,2026-08-18T18:51:11.448000Z,3528,74456,3560,1.7
62212,17.2814,2026-08-18T18:51:41.448000Z,3528,74486,3557,1.7
62242,17.2897,2026-08-18T18:52:11.448000Z,3528,74516,3560,1.7
62272,17.2980,2026-08-18T18:52:41.449000Z,3528,74546,3560,1.7
62302,17.3064,2026-08-18T18:53:11.448000Z,3523,74576,3560,1.7
62332,17.3147,2026-08-18T18:53:41.448000Z,3523,74606,3558,1.7
62362,17.3230,2026-08-18T18:54:11.449000Z,3523,74636,3558,1.7
62392,17.3314,2026-08-18T18:54:41.449000Z,3523,74666,3557,1.7
62422,17.3397,2026-08-18T18:55:11.449000Z,3523,74696,3558,1.7
62452,17.3480,2026-08-18T18:55:41.449000Z,3523,74726,3558,1.7
62482,17.3564,2026-08-18T18:56:11.450000Z,3523,74756,3556,1.7
62512,17.3647,2026-08-18T18:56:41.450000Z,3523,74786,3557,1.7
62542,17.3730,2026-08-18T18:57:11.450000Z,3523,74816,3557,1.7
62572,17.3814,2026-08-18T18:57:41.450000Z,3523,74846,3557,1.7
62602,17.3897,2026-08-18T18:58:11.450000Z,3523,74876,3556,1.7
62632,17.3980,2026-08-18T18:58:41.450000Z,3523,74906,3556,1.7
62662,17.4064,2026-08-18T18:59:11.451000Z,3523,74936,3557,1.7
62692,17.4147,2026-08-18T18:59:41.450000Z,3523,74966,3556,1.7
62722,17.4230,2026-08-18T19:00:11.450000Z,3523,74996,3556,1.7
62752,17.4314,2026-08-18T19:00:41.451000Z,3523,75026,3558,1.7
62782,17.4397,2026-08-18T19:01:11.451000Z,3523,75056,3556,1.7
62812,17.4480,2026-08-18T19:01:41.451000Z,3523,75086,3556,1.7
62842,17.4564,2026-08-18T19:02:11.451000Z,3523,75116,3556,1.7
62872,17.4647,2026-08-18T19:02:41.452000Z,3523,75146,3556,1.7
62902,17.4730,2026-08-18T19:03:11.452000Z,3523,75176,3556,1.7
62932,17.4814,2026-08-18T19:03:41.452000Z,3523,75206,3555,1.7
62962,17.4897,2026-08-18T19:04:11.452000Z,3523,75236,3555,1.7
62992,17.4980,2026-08-18T19:04:41.452000Z,3523,75266,3553,1.7
63022,17.5064,2026-08-18T19:05:11.452000Z,3523,75296,3553,1.7
63052,17.5147,2026-08-18T19:05:41.453000Z,3523,75326,3555,1.7
63082,17.5230,2026-08-18T19:06:11.453000Z,3523,75356,3555,1.7
63112,17.5314,2026-08-18T19:06:41.453000Z,3523,75386,3555,1.7
63142,17.5397,2026-08-18T19:07:11.453000Z,3523,75416,3556,1.7
63172,17.5480,2026-08-18T19:07:41.453000Z,3523,75446,3555,1.7
63202,17.5564,2026-08-18T19:08:11.453000Z,3523,75476,3555,1.7
63232,17.5647,2026-08-18T19:08:41.454000Z,3523,75506,3555,1.7
63262,17.5730,2026-08-18T19:09:11.454000Z,3523,75536,3555,1.7
63292,17.5814,2026-08-18T19:09:41.454000Z,3523,75566,3555,1.7
63322,17.5897,2026-08-18T19:10:11.454000Z,3523,75596,3555,1.7
63352,17.5980,2026-08-18T19:10:41.455000Z,3523,75626,3552,1.7
63382,17.6064,2026-08-18T19:11:11.455000Z,3523,75656,3552,1.7
63412,17.6147,2026-08-18T19:11:41.455000Z,3523,75686,3553,1.7
63442,17.6230,2026-08-18T19:12:11.455000Z,3523,75716,3553,1.7
63472,17.6314,2026-08-18T19:12:41.455000Z,3518,75746,3553,1.7
63502,17.6397,2026-08-18T19:13:11.455000Z,3518,75776,3552,1.7
63532,17.6480,2026-08-18T19:13:41.456000Z,3518,75806,3551,1.7
63562,17.6564,2026-08-18T19:14:11.456000Z,3518,75836,3551,1.7
63592,17.6647,2026-08-18T19:14:41.456000Z,3518,75866,3552,1.7
63622,17.6730,2026-08-18T19:15:11.456000Z,3518,75896,3552,1.7
63652,17.6814,2026-08-18T19:15:41.456000Z,3518,75926,3552,1.6
63682,17.6897,2026-08-18T19:16:11.456000Z,3518,75956,3553,1.6
63712,17.6980,2026-08-18T19:16:41.456000Z,3518,75986,3552,1.6
63742,17.7064,2026-08-18T19:17:11.456000Z,3518,76016,3552,1.6
63772,17.7147,2026-08-18T19:17:41.457000Z,3518,76046,3551,1.6
63802,17.7230,2026-08-18T19:18:11.457000Z,3518,76076,3551,1.6
63832,17.7314,2026-08-18T19:18:41.456000Z,3518,76106,3551,1.6
63862,17.7397,2026-08-18T19:19:11.456000Z,3518,76136,3550,1.6
63892,17.7480,2026-08-18T19:19:41.457000Z,3518,76166,3548,1.6
63922,17.7564,2026-08-18T19:20:11.457000Z,3518,76196,3548,1.6
63952,17.7647,2026-08-18T19:20:41.457000Z,3518,76226,3551,1.6
63982,17.7730,2026-08-18T19:21:11.457000Z,3518,76256,3550,1.6
64012,17.7814,2026-08-18T19:21:41.458000Z,3518,76286,3550,1.6
64042,17.7897,2026-08-18T19:22:11.458000Z,3518,76316,3550,1.6
64072,17.7980,2026-08-18T19:22:41.459000Z,3518,76346,3550,1.6
64102,17.8064,2026-08-18T19:23:11.458000Z,3518,76376,3550,1.6
64132,17.8147,2026-08-18T19:23:41.459000Z,3518,76406,3550,1.6
64162,17.8230,2026-08-18T19:24:11.459000Z,3513,76436,3548,1.6
64192,17.8314,2026-08-18T19:24:41.459000Z,3513,76466,3548,1.6
64222,17.8397,2026-08-18T19:25:11.459000Z,3518,76496,3550,1.6
64252,17.8480,2026-08-18T19:25:41.459000Z,3518,76526,3550,1.6
64282,17.8564,2026-08-18T19:26:11.459000Z,3513,76556,3550,1.6
64312,17.8647,2026-08-18T19:26:41.459000Z,3518,76586,3548,1.6
64342,17.8730,2026-08-18T19:27:11.460000Z,3518,76616,3550,1.6
64372,17.8814,2026-08-18T19:27:41.460000Z,3513,76646,3550,1.6
64402,17.8897,2026-08-18T19:28:11.460000Z,3513,76676,3548,1.6
64432,17.8980,2026-08-18T19:28:41.460000Z,3513,76706,3547,1.6
64462,17.9064,2026-08-18T19:29:11.460000Z,3513,76736,3547,1.6
64492,17.9147,2026-08-18T19:29:41.461000Z,3518,76766,3547,1.6
64522,17.9230,2026-08-18T19:30:11.461000Z,3513,76796,3547,1.6
64552,17.9314,2026-08-18T19:30:41.460000Z,3513,76826,3547,1.6
64582,17.9397,2026-08-18T19:31:11.461000Z,3513,76856,3547,1.6
64612,17.9480,2026-08-18T19:31:41.461000Z,3508,76886,3547,1.6
64642,17.9564,2026-08-18T19:32:11.461000Z,3513,76916,3547,1.6
64672,17.9647,2026-08-18T19:32:41.462000Z,3513,76946,3546,1.6
64702,17.9730,2026-08-18T19:33:11.461000Z,3513,76976,3547,1.6
64732,17.9814,2026-08-18T19:33:41.462000Z,3513,77006,3547,1.6
64762,17.9897,2026-08-18T19:34:11.462000Z,3513,77036,3545,1.6
64792,17.9980,2026-08-18T19:34:41.463000Z,3513,77066,3545,1.6
64822,18.0064,2026-08-18T19:35:11.464000Z,3513,77096,3545,1.6
64852,18.0147,2026-08-18T19:35:41.465000Z,3513,77126,3546,1.6
64882,18.0230,2026-08-18T19:36:11.465000Z,3513,77156,3545,1.6
64912,18.0314,2026-08-18T19:36:41.465000Z,3513,77186,3545,1.6
64942,18.0397,2026-08-18T19:37:11.466000Z,3513,77216,3546,1.6
64972,18.0480,2026-08-18T19:37:41.467000Z,3513,77246,3545,1.6
65002,18.0564,2026-08-18T19:38:11.467000Z,3513,77276,3545,1.6
65032,18.0647,2026-08-18T19:38:41.468000Z,3513,77306,3547,1.6
65062,18.0730,2026-08-18T19:39:11.469000Z,3513,77336,3545,1.6
65092,18.0814,2026-08-18T19:39:41.470000Z,3513,77366,3545,1.6
65122,18.0897,2026-08-18T19:40:11.470000Z,3513,77396,3545,1.6
65152,18.0980,2026-08-18T19:40:41.470000Z,3513,77426,3543,1.5
65182,18.1064,2026-08-18T19:41:11.471000Z,3513,77456,3543,1.5
65212,18.1147,2026-08-18T19:41:41.472000Z,3513,77486,3543,1.5
65242,18.1230,2026-08-18T19:42:11.472000Z,3513,77516,3543,1.5
65272,18.1314,2026-08-18T19:42:41.473000Z,3513,77546,3543,1.5
65302,18.1397,2026-08-18T19:43:11.473000Z,3508,77576,3543,1.5
65332,18.1480,2026-08-18T19:43:41.474000Z,3513,77606,3542,1.5
65362,18.1564,2026-08-18T19:44:11.475000Z,3508,77636,3542,1.5
65392,18.1647,2026-08-18T19:44:41.475000Z,3508,77666,3543,1.5
65422,18.1730,2026-08-18T19:45:11.476000Z,3513,77696,3545,1.5
65452,18.1814,2026-08-18T19:45:41.476000Z,3508,77726,3545,1.5
65482,18.1897,2026-08-18T19:46:11.477000Z,3508,77756,3542,1.5
65512,18.1980,2026-08-18T19:46:41.478000Z,3508,77786,3541,1.5
65542,18.2064,2026-08-18T19:47:11.479000Z,3508,77816,3541,1.5
65572,18.2147,2026-08-18T19:47:41.479000Z,3508,77846,3541,1.5
65602,18.2230,2026-08-18T19:48:11.480000Z,3508,77876,3542,1.5
65632,18.2314,2026-08-18T19:48:41.481000Z,3503,77906,3542,1.5
65662,18.2397,2026-08-18T19:49:11.481000Z,3508,77936,3541,1.5
65692,18.2480,2026-08-18T19:49:41.482000Z,3503,77966,3541,1.5
65722,18.2564,2026-08-18T19:50:11.482000Z,3508,77996,3541,1.5
65752,18.2647,2026-08-18T19:50:41.483000Z,3503,78026,3542,1.5
65782,18.2730,2026-08-18T19:51:11.483000Z,3508,78056,3540,1.5
65812,18.2814,2026-08-18T19:51:41.484000Z,3503,78086,3540,1.5
65842,18.2897,2026-08-18T19:52:11.484000Z,3498,78116,3540,1.5
65872,18.2980,2026-08-18T19:52:41.485000Z,3503,78146,3540,1.5
65902,18.3064,2026-08-18T19:53:11.485000Z,3498,78176,3540,1.5
65932,18.3147,2026-08-18T19:53:41.486000Z,3503,78206,3538,1.5
65962,18.3230,2026-08-18T19:54:11.486000Z,3503,78236,3540,1.5
65992,18.3314,2026-08-18T19:54:41.487000Z,3508,78266,3540,1.5
66022,18.3397,2026-08-18T19:55:11.487000Z,3503,78296,3540,1.5
66052,18.3480,2026-08-18T19:55:41.488000Z,3503,78326,3537,1.5
66082,18.3564,2026-08-18T19:56:11.488000Z,3503,78356,3537,1.5
66112,18.3647,2026-08-18T19:56:41.489000Z,3498,78386,3538,1.5
66142,18.3730,2026-08-18T19:57:11.489000Z,3498,78416,3538,1.5
66172,18.3814,2026-08-18T19:57:41.490000Z,3498,78446,3538,1.5
66202,18.3897,2026-08-18T19:58:11.491000Z,3498,78476,3537,1.5
66232,18.3980,2026-08-18T19:58:41.491000Z,3498,78506,3538,1.5
66262,18.4064,2026-08-18T19:59:11.491000Z,3498,78536,3538,1.5
66292,18.4147,2026-08-18T19:59:41.492000Z,3498,78566,3537,1.5
66322,18.4230,2026-08-18T20:00:11.492000Z,3498,78596,3537,1.5
66352,18.4314,2026-08-18T20:00:41.493000Z,3498,78626,3537,1.5
66382,18.4397,2026-08-18T20:01:11.494000Z,3498,78656,3537,1.5
66412,18.4480,2026-08-18T20:01:41.494000Z,3498,78686,3536,1.5
66442,18.4564,2026-08-18T20:02:11.494000Z,3493,78716,3536,1.5
66472,18.4647,2026-08-18T20:02:41.495000Z,3493,78746,3536,1.5
66502,18.4730,2026-08-18T20:03:11.495000Z,3498,78776,3536,1.5
66532,18.4814,2026-08-18T20:03:41.496000Z,3493,78806,3536,1.5
66562,18.4897,2026-08-18T20:04:11.496000Z,3493,78836,3536,1.5
66592,18.4980,2026-08-18T20:04:41.497000Z,3498,78866,3535,1.5
66622,18.5064,2026-08-18T20:05:11.497000Z,3493,78896,3535,1.4
66652,18.5147,2026-08-18T20:05:41.498000Z,3493,78926,3535,1.4
66682,18.5230,2026-08-18T20:06:11.498000Z,3493,78956,3535,1.4
66712,18.5314,2026-08-18T20:06:41.499000Z,3498,78986,3535,1.4
66742,18.5397,2026-08-18T20:07:11.500000Z,3493,79016,3535,1.4
66772,18.5480,2026-08-18T20:07:41.500000Z,3493,79046,3536,1.4
66802,18.5564,2026-08-18T20:08:11.501000Z,3498,79076,3536,1.4
66832,18.5647,2026-08-18T20:08:41.501000Z,3493,79106,3535,1.4
66862,18.5730,2026-08-18T20:09:11.501000Z,3498,79136,3533,1.4
66892,18.5814,2026-08-18T20:09:41.501000Z,3493,79166,3533,1.4
66922,18.5897,2026-08-18T20:10:11.502000Z,3493,79196,3532,1.4
66952,18.5980,2026-08-18T20:10:41.502000Z,3493,79226,3533,1.4
66982,18.6064,2026-08-18T20:11:11.502000Z,3493,79256,3532,1.4
67012,18.6147,2026-08-18T20:11:41.503000Z,3493,79286,3532,1.4
67042,18.6231,2026-08-18T20:12:11.504000Z,3493,79316,3532,1.4
67072,18.6314,2026-08-18T20:12:41.504000Z,3493,79346,3532,1.4
67102,18.6397,2026-08-18T20:13:11.505000Z,3493,79376,3532,1.4
67132,18.6481,2026-08-18T20:13:41.505000Z,3493,79406,3532,1.4
67162,18.6564,2026-08-18T20:14:11.505000Z,3493,79436,3531,1.4
67192,18.6647,2026-08-18T20:14:41.506000Z,3493,79466,3531,1.4
67222,18.6731,2026-08-18T20:15:11.506000Z,3493,79496,3530,1.4
67252,18.6814,2026-08-18T20:15:41.506000Z,3493,79526,3532,1.4
67282,18.6897,2026-08-18T20:16:11.507000Z,3493,79556,3532,1.4
67312,18.6981,2026-08-18T20:16:41.507000Z,3493,79586,3532,1.4
67342,18.7064,2026-08-18T20:17:11.508000Z,3493,79616,3530,1.4
67372,18.7147,2026-08-18T20:17:41.508000Z,3493,79646,3530,1.4
67402,18.7231,2026-08-18T20:18:11.509000Z,3493,79676,3530,1.4
67432,18.7314,2026-08-18T20:18:41.509000Z,3493,79706,3531,1.4
67462,18.7397,2026-08-18T20:19:11.509000Z,3488,79736,3531,1.4
67492,18.7481,2026-08-18T20:19:41.510000Z,3488,79766,3531,1.4
67522,18.7564,2026-08-18T20:20:11.510000Z,3488,79796,3530,1.4
67552,18.7647,2026-08-18T20:20:41.511000Z,3488,79826,3530,1.4
67582,18.7731,2026-08-18T20:21:11.511000Z,3488,79856,3530,1.4
67612,18.7814,2026-08-18T20:21:41.512000Z,3488,79886,3527,1.4
67642,18.7897,2026-08-18T20:22:11.512000Z,3488,79916,3527,1.3
67672,18.7981,2026-08-18T20:22:41.513000Z,3488,79946,3527,1.3
67702,18.8064,2026-08-18T20:23:11.513000Z,3493,79976,3526,1.3
67734,18.8152,2026-08-18T20:23:43.416000Z,3488,80008,3526,1.3
67764,18.8236,2026-08-18T20:24:13.416000Z,3488,80038,3528,1.3
67794,18.8319,2026-08-18T20:24:43.417000Z,3488,80068,3526,1.3
67824,18.8402,2026-08-18T20:25:13.417000Z,3488,80098,3526,1.3
67854,18.8486,2026-08-18T20:25:43.418000Z,3488,80128,3527,1.3
67884,18.8569,2026-08-18T20:26:13.418000Z,3488,80158,3526,1.3
67914,18.8652,2026-08-18T20:26:43.418000Z,3488,80188,3526,1.3
67944,18.8736,2026-08-18T20:27:13.419000Z,3488,80218,3525,1.3
67974,18.8819,2026-08-18T20:27:43.419000Z,3488,80248,3526,1.3
68004,18.8902,2026-08-18T20:28:13.419000Z,3488,80278,3526,1.3
68034,18.8986,2026-08-18T20:28:43.420000Z,3488,80308,3525,1.3
68064,18.9069,2026-08-18T20:29:13.420000Z,3488,80338,3526,1.3
68094,18.9152,2026-08-18T20:29:43.421000Z,3488,80368,3526,1.3
68124,18.9236,2026-08-18T20:30:13.421000Z,3488,80398,3525,1.3
68154,18.9319,2026-08-18T20:30:43.421000Z,3483,80428,3525,1.3
68184,18.9402,2026-08-18T20:31:13.421000Z,3488,80458,3525,1.3
68214,18.9486,2026-08-18T20:31:43.422000Z,3488,80488,3526,1.3
68244,18.9569,2026-08-18T20:32:13.422000Z,3488,80518,3525,1.3
68274,18.9652,2026-08-18T20:32:43.423000Z,3483,80548,3525,1.3
68304,18.9736,2026-08-18T20:33:13.423000Z,3483,80578,3523,1.3
68334,18.9819,2026-08-18T20:33:43.423000Z,3483,80608,3522,1.3
68364,18.9903,2026-08-18T20:34:13.424000Z,3483,80638,3522,1.3
68394,18.9986,2026-08-18T20:34:43.424000Z,3483,80668,3523,1.3
68424,19.0069,2026-08-18T20:35:13.424000Z,3483,80698,3522,1.3
68454,19.0153,2026-08-18T20:35:43.425000Z,3483,80728,3522,1.3
68484,19.0236,2026-08-18T20:36:13.425000Z,3483,80758,3523,1.3
68514,19.0319,2026-08-18T20:36:43.425000Z,3483,80788,3522,1.3
68544,19.0403,2026-08-18T20:37:13.426000Z,3483,80818,3522,1.3
68574,19.0486,2026-08-18T20:37:43.426000Z,3483,80848,3521,1.3
68604,19.0569,2026-08-18T20:38:13.426000Z,3483,80878,3521,1.3
68634,19.0653,2026-08-18T20:38:43.427000Z,3483,80908,3521,1.3
68664,19.0736,2026-08-18T20:39:13.427000Z,3483,80938,3518,1.3
68694,19.0819,2026-08-18T20:39:43.427000Z,3483,80968,3521,1.3
68724,19.0903,2026-08-18T20:40:13.428000Z,3483,80998,3521,1.3
68754,19.0986,2026-08-18T20:40:43.428000Z,3483,81028,3522,1.3
68784,19.1069,2026-08-18T20:41:13.428000Z,3483,81058,3521,1.3
68814,19.1153,2026-08-18T20:41:43.428000Z,3483,81088,3521,1.3
68844,19.1236,2026-08-18T20:42:13.429000Z,3483,81118,3520,1.2
68874,19.1319,2026-08-18T20:42:43.429000Z,3479,81148,3518,1.2
68904,19.1403,2026-08-18T20:43:13.430000Z,3483,81178,3518,1.2
68934,19.1486,2026-08-18T20:43:43.430000Z,3483,81208,3520,1.2
68964,19.1569,2026-08-18T20:44:13.430000Z,3479,81238,3520,1.2
68994,19.1653,2026-08-18T20:44:43.430000Z,3479,81268,3520,1.2
69024,19.1736,2026-08-18T20:45:13.431000Z,3479,81298,3517,1.2
69054,19.1819,2026-08-18T20:45:43.431000Z,3483,81328,3518,1.2
69084,19.1903,2026-08-18T20:46:13.432000Z,3479,81358,3518,1.2
69114,19.1986,2026-08-18T20:46:43.431000Z,3479,81388,3518,1.2
69144,19.2069,2026-08-18T20:47:13.432000Z,3479,81418,3518,1.2
69174,19.2153,2026-08-18T20:47:43.432000Z,3479,81448,3518,1.2
69204,19.2236,2026-08-18T20:48:13.433000Z,3479,81478,3517,1.2
69234,19.2319,2026-08-18T20:48:43.433000Z,3479,81508,3516,1.2
69264,19.2403,2026-08-18T20:49:13.433000Z,3479,81538,3516,1.2
69294,19.2486,2026-08-18T20:49:43.433000Z,3479,81568,3518,1.2
69324,19.2569,2026-08-18T20:50:13.434000Z,3479,81598,3516,1.2
69354,19.2653,2026-08-18T20:50:43.434000Z,3479,81628,3516,1.2
69384,19.2736,2026-08-18T20:51:13.434000Z,3479,81658,3517,1.2
69414,19.2819,2026-08-18T20:51:43.434000Z,3474,81688,3516,1.2
69444,19.2903,2026-08-18T20:52:13.435000Z,3474,81718,3516,1.2
69474,19.2986,2026-08-18T20:52:43.435000Z,3474,81748,3515,1.2
69504,19.3069,2026-08-18T20:53:13.435000Z,3479,81778,3516,1.2
69534,19.3153,2026-08-18T20:53:43.435000Z,3474,81808,3516,1.2
69564,19.3236,2026-08-18T20:54:13.436000Z,3474,81838,3515,1.2
69594,19.3319,2026-08-18T20:54:43.436000Z,3474,81868,3515,1.2
69624,19.3403,2026-08-18T20:55:13.436000Z,3474,81898,3515,1.2
69654,19.3486,2026-08-18T20:55:43.437000Z,3474,81928,3515,1.2
69684,19.3569,2026-08-18T20:56:13.437000Z,3474,81958,3513,1.2
69714,19.3653,2026-08-18T20:56:43.437000Z,3474,81988,3513,1.2
69744,19.3736,2026-08-18T20:57:13.438000Z,3474,82018,3512,1.1
69774,19.3819,2026-08-18T20:57:43.438000Z,3474,82048,3512,1.1
69804,19.3903,2026-08-18T20:58:13.438000Z,3474,82078,3512,1.1
69834,19.3986,2026-08-18T20:58:43.438000Z,3474,82108,3513,1.1
69864,19.4069,2026-08-18T20:59:13.439000Z,3474,82138,3515,1.1
69894,19.4153,2026-08-18T20:59:43.439000Z,3474,82168,3515,1.1
69924,19.4236,2026-08-18T21:00:13.439000Z,3474,82198,3512,1.1
69954,19.4319,2026-08-18T21:00:43.440000Z,3474,82228,3512,1.1
69984,19.4403,2026-08-18T21:01:13.440000Z,3474,82258,3512,1.1
70014,19.4486,2026-08-18T21:01:43.440000Z,3474,82288,3513,1.1
70044,19.4569,2026-08-18T21:02:13.440000Z,3474,82318,3512,1.1
70074,19.4653,2026-08-18T21:02:43.440000Z,3474,82348,3512,1.1
70104,19.4736,2026-08-18T21:03:13.440000Z,3474,82378,3511,1.1
70134,19.4819,2026-08-18T21:03:43.441000Z,3474,82408,3511,1.1
70164,19.4903,2026-08-18T21:04:13.441000Z,3474,82438,3511,1.1
70194,19.4986,2026-08-18T21:04:43.441000Z,3474,82468,3510,1.1
70224,19.5069,2026-08-18T21:05:13.441000Z,3474,82498,3511,1.1
70254,19.5153,2026-08-18T21:05:43.442000Z,3474,82528,3511,1.1
70284,19.5236,2026-08-18T21:06:13.442000Z,3474,82558,3510,1.1
70314,19.5319,2026-08-18T21:06:43.443000Z,3469,82588,3511,1.1
70344,19.5403,2026-08-18T21:07:13.442000Z,3469,82618,3511,1.1
70374,19.5486,2026-08-18T21:07:43.443000Z,3469,82648,3510,1.1
70404,19.5569,2026-08-18T21:08:13.443000Z,3469,82678,3510,1.1
70434,19.5653,2026-08-18T21:08:43.444000Z,3469,82708,3510,1.1
70464,19.5736,2026-08-18T21:09:13.444000Z,3469,82738,3510,1.1
70494,19.5819,2026-08-18T21:09:43.444000Z,3469,82768,3508,1.1
70524,19.5903,2026-08-18T21:10:13.444000Z,3469,82798,3508,1.1
70554,19.5986,2026-08-18T21:10:43.445000Z,3469,82828,3507,1.1
70584,19.6069,2026-08-18T21:11:13.445000Z,3469,82858,3508,1.1
70614,19.6153,2026-08-18T21:11:43.445000Z,3469,82888,3508,1.1
70644,19.6236,2026-08-18T21:12:13.445000Z,3469,82918,3508,1.1
70674,19.6319,2026-08-18T21:12:43.446000Z,3469,82948,3507,1.1
70704,19.6403,2026-08-18T21:13:13.447000Z,3469,82978,3507,1.1
70734,19.6486,2026-08-18T21:13:43.446000Z,3469,83008,3508,1.1
70764,19.6569,2026-08-18T21:14:13.446000Z,3469,83038,3505,1.1
70794,19.6653,2026-08-18T21:14:43.447000Z,3464,83068,3505,1.1
70824,19.6736,2026-08-18T21:15:13.447000Z,3469,83098,3508,1.1
70854,19.6819,2026-08-18T21:15:43.447000Z,3464,83128,3506,1.1
70884,19.6903,2026-08-18T21:16:13.448000Z,3469,83158,3506,1.1
70914,19.6986,2026-08-18T21:16:43.448000Z,3464,83188,3508,1.1
70944,19.7069,2026-08-18T21:17:13.447000Z,3464,83218,3505,1.1
70974,19.7153,2026-08-18T21:17:43.448000Z,3469,83248,3505,1.1
71004,19.7236,2026-08-18T21:18:13.448000Z,3464,83278,3506,1.1
71034,19.7319,2026-08-18T21:18:43.448000Z,3464,83308,3505,1.1
71064,19.7403,2026-08-18T21:19:13.449000Z,3464,83338,3505,1.0
71094,19.7486,2026-08-18T21:19:43.449000Z,3464,83368,3503,1.0
71124,19.7569,2026-08-18T21:20:13.449000Z,3464,83398,3505,1.0
71154,19.7653,2026-08-18T21:20:43.450000Z,3464,83428,3503,1.0
71184,19.7736,2026-08-18T21:21:13.449000Z,3464,83458,3503,1.0
71214,19.7819,2026-08-18T21:21:43.449000Z,3464,83488,3503,1.0
71244,19.7903,2026-08-18T21:22:13.450000Z,3464,83518,3502,1.0
71274,19.7986,2026-08-18T21:22:43.450000Z,3464,83548,3502,1.0
71304,19.8069,2026-08-18T21:23:13.451000Z,3464,83578,3503,1.0
71334,19.8153,2026-08-18T21:23:43.451000Z,3464,83608,3502,1.0
71364,19.8236,2026-08-18T21:24:13.452000Z,3464,83638,3502,1.0
71394,19.8319,2026-08-18T21:24:43.451000Z,3464,83668,3503,1.0
71424,19.8403,2026-08-18T21:25:13.451000Z,3464,83698,3501,1.0
71454,19.8486,2026-08-18T21:25:43.452000Z,3464,83728,3501,1.0
71484,19.8569,2026-08-18T21:26:13.452000Z,3464,83758,3503,1.0
71514,19.8653,2026-08-18T21:26:43.452000Z,3464,83788,3500,1.0
71544,19.8736,2026-08-18T21:27:13.452000Z,3464,83818,3500,1.0
71574,19.8819,2026-08-18T21:27:43.453000Z,3464,83848,3501,1.0
71604,19.8903,2026-08-18T21:28:13.453000Z,3464,83878,3498,1.0
71634,19.8986,2026-08-18T21:28:43.453000Z,3464,83908,3498,1.0
71664,19.9069,2026-08-18T21:29:13.453000Z,3464,83938,3500,1.0
71694,19.9153,2026-08-18T21:29:43.453000Z,3464,83968,3500,1.0
71724,19.9236,2026-08-18T21:30:13.454000Z,3459,83998,3500,1.0
71754,19.9319,2026-08-18T21:30:43.454000Z,3464,84028,3498,1.0
71784,19.9403,2026-08-18T21:31:13.454000Z,3459,84058,3500,1.0
71814,19.9486,2026-08-18T21:31:43.455000Z,3464,84088,3500,1.0
71844,19.9569,2026-08-18T21:32:13.455000Z,3459,84118,3500,1.0
71874,19.9653,2026-08-18T21:32:43.455000Z,3459,84148,3500,1.0
71904,19.9736,2026-08-18T21:33:13.455000Z,3459,84178,3500,1.0
71934,19.9819,2026-08-18T21:33:43.455000Z,3459,84208,3497,1.0
71964,19.9903,2026-08-18T21:34:13.455000Z,3459,84238,3498,1.0
71994,19.9986,2026-08-18T21:34:43.456000Z,3459,84268,3498,1.0
72024,20.0069,2026-08-18T21:35:13.456000Z,3459,84298,3496,1.0
72054,20.0153,2026-08-18T21:35:43.456000Z,3459,84328,3498,0.9
72084,20.0236,2026-08-18T21:36:13.456000Z,3459,84358,3498,0.9
72114,20.0319,2026-08-18T21:36:43.456000Z,3459,84388,3496,0.9
72144,20.0403,2026-08-18T21:37:13.457000Z,3459,84418,3497,0.9
72174,20.0486,2026-08-18T21:37:43.457000Z,3459,84448,3497,0.9
72204,20.0569,2026-08-18T21:38:13.457000Z,3454,84478,3496,0.9
72234,20.0653,2026-08-18T21:38:43.457000Z,3459,84508,3496,0.9
72264,20.0736,2026-08-18T21:39:13.457000Z,3459,84538,3496,0.9
72294,20.0819,2026-08-18T21:39:43.458000Z,3459,84568,3496,0.9
72324,20.0903,2026-08-18T21:40:13.458000Z,3454,84598,3492,0.9
72354,20.0986,2026-08-18T21:40:43.458000Z,3459,84628,3492,0.9
72384,20.1069,2026-08-18T21:41:13.458000Z,3459,84658,3493,0.9
72414,20.1153,2026-08-18T21:41:43.458000Z,3454,84688,3491,0.9
72444,20.1236,2026-08-18T21:42:13.459000Z,3454,84718,3491,0.9
72474,20.1319,2026-08-18T21:42:43.459000Z,3454,84748,3493,0.9
72504,20.1403,2026-08-18T21:43:13.459000Z,3454,84778,3495,0.9
72534,20.1486,2026-08-18T21:43:43.459000Z,3454,84808,3495,0.9
72564,20.1569,2026-08-18T21:44:13.460000Z,3454,84838,3493,0.9
72594,20.1653,2026-08-18T21:44:43.460000Z,3454,84868,3492,0.9
72624,20.1736,2026-08-18T21:45:13.460000Z,3454,84898,3492,0.9
72654,20.1819,2026-08-18T21:45:43.460000Z,3454,84928,3492,0.9
72687,20.1910,2026-08-18T21:46:16.236000Z,3454,84961,3492,0.9
72717,20.1994,2026-08-18T21:46:46.236000Z,3449,84991,3492,0.9
72747,20.2077,2026-08-18T21:47:16.236000Z,3454,85021,3492,0.9
72777,20.2160,2026-08-18T21:47:46.236000Z,3449,85051,3490,0.9
72807,20.2244,2026-08-18T21:48:16.236000Z,3449,85081,3490,0.9
72841,20.2337,2026-08-18T21:48:49.948000Z,3449,85115,3487,0.9
72871,20.2421,2026-08-18T21:49:19.948000Z,3449,85145,3491,0.9
72901,20.2504,2026-08-18T21:49:49.949000Z,3449,85175,3491,0.9
72931,20.2587,2026-08-18T21:50:19.949000Z,3449,85205,3490,0.8
72961,20.2671,2026-08-18T21:50:49.949000Z,3449,85235,3488,0.8
72991,20.2754,2026-08-18T21:51:19.949000Z,3454,85265,3488,0.8
73021,20.2837,2026-08-18T21:51:49.950000Z,3449,85295,3488,0.8
73051,20.2921,2026-08-18T21:52:19.950000Z,3449,85325,3486,0.8
73081,20.3004,2026-08-18T21:52:49.950000Z,3449,85355,3486,0.8
73111,20.3087,2026-08-18T21:53:19.950000Z,3449,85385,3488,0.8
73141,20.3171,2026-08-18T21:53:49.950000Z,3449,85415,3487,0.8
73171,20.3254,2026-08-18T21:54:19.950000Z,3444,85445,3487,0.8
73201,20.3337,2026-08-18T21:54:49.950000Z,3449,85475,3488,0.8
73231,20.3421,2026-08-18T21:55:19.950000Z,3449,85505,3486,0.8
73261,20.3504,2026-08-18T21:55:49.951000Z,3444,85535,3486,0.8
73291,20.3587,2026-08-18T21:56:19.951000Z,3444,85565,3487,0.8
73321,20.3671,2026-08-18T21:56:49.951000Z,3449,85595,3486,0.8
73351,20.3754,2026-08-18T21:57:19.951000Z,3449,85625,3486,0.8
73381,20.3837,2026-08-18T21:57:49.952000Z,3444,85655,3485,0.8
73411,20.3921,2026-08-18T21:58:19.952000Z,3444,85685,3485,0.8
73441,20.4004,2026-08-18T21:58:49.952000Z,3444,85715,3485,0.8
73471,20.4087,2026-08-18T21:59:19.952000Z,3449,85745,3485,0.8
73501,20.4171,2026-08-18T21:59:49.953000Z,3444,85775,3485,0.8
73531,20.4254,2026-08-18T22:00:19.953000Z,3444,85805,3485,0.8
73561,20.4337,2026-08-18T22:00:49.953000Z,3444,85835,3483,0.8
73591,20.4421,2026-08-18T22:01:19.953000Z,3444,85865,3482,0.8
73621,20.4504,2026-08-18T22:01:49.953000Z,3444,85895,3482,0.8
73651,20.4587,2026-08-18T22:02:19.954000Z,3444,85925,3483,0.8
73681,20.4671,2026-08-18T22:02:49.954000Z,3444,85955,3482,0.8
73711,20.4754,2026-08-18T22:03:19.954000Z,3444,85985,3482,0.8
73741,20.4837,2026-08-18T22:03:49.954000Z,3444,86015,3482,0.8
73771,20.4921,2026-08-18T22:04:19.955000Z,3444,86045,3481,0.7
73801,20.5004,2026-08-18T22:04:49.955000Z,3444,86075,3481,0.7
73831,20.5087,2026-08-18T22:05:19.955000Z,3444,86105,3481,0.7
73861,20.5171,2026-08-18T22:05:49.955000Z,3444,86135,3480,0.7
73891,20.5254,2026-08-18T22:06:19.955000Z,3439,86165,3480,0.7
73921,20.5337,2026-08-18T22:06:49.955000Z,3439,86195,3481,0.7
73951,20.5421,2026-08-18T22:07:19.956000Z,3439,86225,3480,0.7
73981,20.5504,2026-08-18T22:07:49.956000Z,3444,86255,3480,0.7
74011,20.5587,2026-08-18T22:08:19.956000Z,3439,86285,3478,0.7
74041,20.5671,2026-08-18T22:08:49.956000Z,3444,86315,3481,0.7
74071,20.5754,2026-08-18T22:09:19.956000Z,3444,86345,3481,0.7
74101,20.5837,2026-08-18T22:09:49.957000Z,3444,86375,3477,0.7
74131,20.5921,2026-08-18T22:10:19.957000Z,3444,86405,3478,0.7
74161,20.6004,2026-08-18T22:10:49.957000Z,3444,86435,3478,0.7
74191,20.6087,2026-08-18T22:11:19.957000Z,3444,86465,3478,0.7
74221,20.6171,2026-08-18T22:11:49.957000Z,3444,86495,3477,0.7
74251,20.6254,2026-08-18T22:12:19.958000Z,3444,86525,3477,0.7
74281,20.6337,2026-08-18T22:12:49.958000Z,3444,86555,3477,0.7
74311,20.6421,2026-08-18T22:13:19.958000Z,3444,86585,3477,0.7
74341,20.6504,2026-08-18T22:13:49.958000Z,3439,86615,3477,0.7
74371,20.6587,2026-08-18T22:14:19.958000Z,3444,86645,3476,0.7
74401,20.6671,2026-08-18T22:14:49.958000Z,3444,86675,3476,0.7
74431,20.6754,2026-08-18T22:15:19.959000Z,3444,86705,3476,0.7
74461,20.6837,2026-08-18T22:15:49.959000Z,3444,86735,3475,0.7
74491,20.6921,2026-08-18T22:16:19.959000Z,3444,86765,3475,0.7
74521,20.7004,2026-08-18T22:16:49.959000Z,3439,86795,3475,0.7
74551,20.7087,2026-08-18T22:17:19.959000Z,3439,86825,3473,0.6
74581,20.7171,2026-08-18T22:17:49.960000Z,3444,86855,3473,0.6
74611,20.7254,2026-08-18T22:18:19.960000Z,3439,86885,3473,0.6
74641,20.7337,2026-08-18T22:18:49.960000Z,3439,86915,3473,0.6
74671,20.7421,2026-08-18T22:19:19.960000Z,3439,86945,3472,0.6
74701,20.7504,2026-08-18T22:19:49.960000Z,3439,86975,3472,0.6
74731,20.7587,2026-08-18T22:20:19.960000Z,3439,87005,3473,0.6
74761,20.7671,2026-08-18T22:20:49.961000Z,3439,87035,3472,0.6
74791,20.7754,2026-08-18T22:21:19.961000Z,3434,87065,3472,0.6
74821,20.7837,2026-08-18T22:21:49.961000Z,3439,87095,3471,0.6
74851,20.7921,2026-08-18T22:22:19.961000Z,3439,87125,3470,0.6
74881,20.8004,2026-08-18T22:22:49.961000Z,3439,87155,3470,0.6
74911,20.8087,2026-08-18T22:23:19.962000Z,3439,87185,3471,0.6
74941,20.8171,2026-08-18T22:23:49.962000Z,3439,87215,3470,0.6
74971,20.8254,2026-08-18T22:24:19.962000Z,3439,87245,3470,0.6
75001,20.8337,2026-08-18T22:24:49.962000Z,3434,87275,3467,0.6
75031,20.8421,2026-08-18T22:25:19.962000Z,3434,87305,3468,0.6
75061,20.8504,2026-08-18T22:25:49.962000Z,3434,87335,3468,0.6
75091,20.8587,2026-08-18T22:26:19.962000Z,3434,87365,3468,0.6
75121,20.8671,2026-08-18T22:26:49.963000Z,3434,87395,3467,0.6
75151,20.8754,2026-08-18T22:27:19.963000Z,3434,87425,3467,0.6
75181,20.8837,2026-08-18T22:27:49.963000Z,3434,87455,3466,0.6
75211,20.8921,2026-08-18T22:28:19.963000Z,3434,87485,3466,0.6
75241,20.9004,2026-08-18T22:28:49.964000Z,3434,87515,3466,0.5
75271,20.9087,2026-08-18T22:29:19.963000Z,3434,87545,3466,0.5
75301,20.9171,2026-08-18T22:29:49.964000Z,3430,87575,3468,0.5
75331,20.9254,2026-08-18T22:30:19.964000Z,3434,87605,3468,0.5
75361,20.9337,2026-08-18T22:30:49.964000Z,3434,87635,3465,0.5
75391,20.9421,2026-08-18T22:31:19.964000Z,3434,87665,3466,0.5
75421,20.9504,2026-08-18T22:31:49.964000Z,3430,87695,3466,0.5
75451,20.9587,2026-08-18T22:32:19.965000Z,3430,87725,3466,0.5
75481,20.9671,2026-08-18T22:32:49.965000Z,3430,87755,3466,0.5
75511,20.9754,2026-08-18T22:33:19.965000Z,3434,87785,3466,0.5
75541,20.9837,2026-08-18T22:33:49.965000Z,3430,87815,3465,0.5
75571,20.9921,2026-08-18T22:34:19.965000Z,3430,87845,3462,0.5
75601,21.0004,2026-08-18T22:34:49.966000Z,3430,87875,3462,0.5
75631,21.0087,2026-08-18T22:35:19.966000Z,3430,87905,3463,0.5
75661,21.0171,2026-08-18T22:35:49.966000Z,3430,87935,3462,0.5
75691,21.0254,2026-08-18T22:36:19.966000Z,3430,87965,3462,0.5
75721,21.0337,2026-08-18T22:36:49.966000Z,3425,87995,3461,0.5
75751,21.0421,2026-08-18T22:37:19.966000Z,3425,88025,3463,0.5
75781,21.0504,2026-08-18T22:37:49.966000Z,3425,88055,3463,0.5
75811,21.0587,2026-08-18T22:38:19.967000Z,3425,88085,3461,0.5
75841,21.0671,2026-08-18T22:38:49.967000Z,3425,88115,3462,0.5
75871,21.0754,2026-08-18T22:39:19.967000Z,3425,88145,3462,0.5
75901,21.0837,2026-08-18T22:39:49.967000Z,3425,88175,3461,0.5
75931,21.0921,2026-08-18T22:40:19.968000Z,3425,88205,3461,0.5
75961,21.1004,2026-08-18T22:40:49.968000Z,3425,88235,3461,0.5
75991,21.1087,2026-08-18T22:41:19.968000Z,3425,88265,3460,0.5
76021,21.1171,2026-08-18T22:41:49.968000Z,3425,88295,3458,0.5
76051,21.1254,2026-08-18T22:42:19.968000Z,3425,88325,3458,0.4
76081,21.1337,2026-08-18T22:42:49.968000Z,3425,88355,3458,0.4
76111,21.1421,2026-08-18T22:43:19.968000Z,3425,88385,3458,0.4
76141,21.1504,2026-08-18T22:43:49.968000Z,3425,88415,3458,0.4
76171,21.1587,2026-08-18T22:44:19.969000Z,3425,88445,3457,0.4
76201,21.1671,2026-08-18T22:44:49.969000Z,3425,88475,3457,0.4
76231,21.1754,2026-08-18T22:45:19.969000Z,3425,88505,3457,0.4
76261,21.1837,2026-08-18T22:45:49.969000Z,3420,88535,3456,0.4
76291,21.1921,2026-08-18T22:46:19.969000Z,3420,88565,3456,0.4
76321,21.2004,2026-08-18T22:46:49.970000Z,3420,88595,3456,0.4
76351,21.2087,2026-08-18T22:47:19.970000Z,3420,88625,3456,0.4
76381,21.2171,2026-08-18T22:47:49.970000Z,3420,88655,3456,0.4
76411,21.2254,2026-08-18T22:48:19.970000Z,3420,88685,3456,0.4
76441,21.2337,2026-08-18T22:48:49.970000Z,3420,88715,3455,0.4
76471,21.2421,2026-08-18T22:49:19.971000Z,3420,88745,3455,0.4
76501,21.2504,2026-08-18T22:49:49.971000Z,3420,88775,3455,0.4
76531,21.2587,2026-08-18T22:50:19.971000Z,3420,88805,3455,0.4
76561,21.2671,2026-08-18T22:50:49.971000Z,3420,88835,3453,0.4
76591,21.2754,2026-08-18T22:51:19.971000Z,3420,88865,3453,0.4
76621,21.2837,2026-08-18T22:51:49.971000Z,3420,88895,3453,0.4
76651,21.2921,2026-08-18T22:52:19.971000Z,3420,88925,3453,0.4
76681,21.3004,2026-08-18T22:52:49.972000Z,3415,88955,3453,0.4
76711,21.3087,2026-08-18T22:53:19.972000Z,3420,88985,3452,0.4
76741,21.3171,2026-08-18T22:53:49.972000Z,3420,89015,3451,0.4
76771,21.3254,2026-08-18T22:54:19.972000Z,3415,89045,3451,0.3
76801,21.3337,2026-08-18T22:54:49.972000Z,3415,89075,3451,0.3
76831,21.3421,2026-08-18T22:55:19.972000Z,3415,89105,3448,0.3
76861,21.3504,2026-08-18T22:55:49.973000Z,3415,89135,3448,0.3
76891,21.3587,2026-08-18T22:56:19.973000Z,3415,89165,3451,0.3
76921,21.3671,2026-08-18T22:56:49.973000Z,3415,89195,3450,0.3
76951,21.3754,2026-08-18T22:57:19.973000Z,3415,89225,3450,0.3
76981,21.3837,2026-08-18T22:57:49.973000Z,3415,89255,3448,0.3
77011,21.3921,2026-08-18T22:58:19.974000Z,3415,89285,3447,0.3
77041,21.4004,2026-08-18T22:58:49.974000Z,3415,89315,3447,0.3
77071,21.4087,2026-08-18T22:59:19.974000Z,3415,89345,3446,0.3
77101,21.4171,2026-08-18T22:59:49.974000Z,3415,89375,3447,0.3
77131,21.4254,2026-08-18T23:00:19.974000Z,3415,89405,3447,0.3
77161,21.4337,2026-08-18T23:00:49.974000Z,3415,89435,3448,0.3
77191,21.4421,2026-08-18T23:01:19.975000Z,3415,89465,3445,0.3
77221,21.4504,2026-08-18T23:01:49.975000Z,3415,89495,3445,0.3
77251,21.4587,2026-08-18T23:02:19.974000Z,3410,89525,3445,0.3
77281,21.4671,2026-08-18T23:02:49.975000Z,3415,89555,3445,0.3
77311,21.4754,2026-08-18T23:03:19.975000Z,3410,89585,3445,0.3
77341,21.4837,2026-08-18T23:03:49.975000Z,3410,89615,3443,0.3
77371,21.4921,2026-08-18T23:04:19.975000Z,3410,89645,3445,0.3
77401,21.5004,2026-08-18T23:04:49.976000Z,3410,89675,3445,0.2
77431,21.5087,2026-08-18T23:05:19.976000Z,3405,89705,3445,0.2
77461,21.5171,2026-08-18T23:05:49.976000Z,3410,89735,3442,0.2
77491,21.5254,2026-08-18T23:06:19.976000Z,3410,89765,3442,0.2
77521,21.5337,2026-08-18T23:06:49.976000Z,3410,89795,3442,0.2
77551,21.5421,2026-08-18T23:07:19.977000Z,3405,89825,3442,0.2
77581,21.5504,2026-08-18T23:07:49.977000Z,3405,89855,3442,0.2
77611,21.5587,2026-08-18T23:08:19.978000Z,3400,89885,3441,0.2
77641,21.5671,2026-08-18T23:08:49.977000Z,3400,89915,3441,0.2
77671,21.5754,2026-08-18T23:09:19.977000Z,3400,89945,,
